Cell_id,Condition,Replica,Dex_Conc,Time_index,Time_TPL,Nuc_Area,Cyto_Area,Nuc_GR_avg_int,Cyto_GR_avg_int,Nuc_DUSP1_avg_int,Cyto_DUSP1_avg_int,RNA_DUSP1_nuc,RNA_DUSP1_cyto,DUSP1_ts_size_0,DUSP1_ts_size_1,DUSP1_ts_size_2,DUSP1_ts_size_3,Nuc_DUSP1_avg_int_tot
0,DUSP1_timesweep,G,10000,75,NaN,9336,15269,NaN,NaN,1254.14117,1304.94793,126,204,7,4,NaN,NaN,261
1,DUSP1_timesweep,G,10000,75,NaN,8511,20162,NaN,NaN,1190.76524,1263.55659,22,142,NaN,NaN,NaN,NaN,248
2,DUSP1_timesweep,G,10000,75,NaN,9043,19592,NaN,NaN,1293.09864,1322.99025,40,164,NaN,NaN,NaN,NaN,269
4,DUSP1_timesweep,G,10000,75,NaN,8476,13786,NaN,NaN,1359.72168,1471.03808,72,220,NaN,NaN,NaN,NaN,283
8,DUSP1_timesweep,G,10000,75,NaN,9416,13620,NaN,NaN,1235.46994,1211.05881,115,131,4,NaN,NaN,NaN,257
9,DUSP1_timesweep,G,10000,75,NaN,8239,17257,NaN,NaN,1410.41279,1429.92762,112,192,NaN,NaN,NaN,NaN,293
10,DUSP1_timesweep,G,10000,75,NaN,8707,21219,NaN,NaN,1441.87814,1443.33512,148,410,5,NaN,NaN,NaN,300
12,DUSP1_timesweep,G,10000,75,NaN,8779,17483,NaN,NaN,1274.47625,1288.31396,62,116,NaN,NaN,NaN,NaN,265
13,DUSP1_timesweep,G,10000,75,NaN,8170,17110,NaN,NaN,1102.00147,1171.09492,39,94,NaN,NaN,NaN,NaN,229
18,DUSP1_timesweep,G,10000,75,NaN,8451,21655,NaN,NaN,1322.48894,1317.08797,76,208,NaN,NaN,NaN,NaN,275
27,DUSP1_timesweep,G,10000,75,NaN,9512,20020,NaN,NaN,1223.90402,1280.15559,52,169,NaN,NaN,NaN,NaN,254
29,DUSP1_timesweep,G,10000,75,NaN,7524,16279,NaN,NaN,1206.9168,1199.50667,98,228,NaN,NaN,NaN,NaN,251
35,DUSP1_timesweep,G,10000,75,NaN,8323,22266,NaN,NaN,1377.17374,1372.21293,82,215,NaN,NaN,NaN,NaN,286
36,DUSP1_timesweep,G,10000,75,NaN,8696,24470,NaN,NaN,1287.47999,1306.56265,122,289,7,NaN,NaN,NaN,268
37,DUSP1_timesweep,G,10000,75,NaN,7445,12885,NaN,NaN,1376.47737,1448.91727,51,169,NaN,NaN,NaN,NaN,286
38,DUSP1_timesweep,G,10000,75,NaN,7936,16240,NaN,NaN,1476.61631,1470.49834,102,238,NaN,NaN,NaN,NaN,307
40,DUSP1_timesweep,G,10000,75,NaN,8019,15583,NaN,NaN,1287.09652,1308.33658,23,79,NaN,NaN,NaN,NaN,268
41,DUSP1_timesweep,G,10000,75,NaN,9331,17817,NaN,NaN,1349.3139,1378.23915,44,147,NaN,NaN,NaN,NaN,281
43,DUSP1_timesweep,G,10000,75,NaN,9212,18704,NaN,NaN,1253.44366,1277.07282,83,212,NaN,NaN,NaN,NaN,261
47,DUSP1_timesweep,G,10000,75,NaN,7000,10781,NaN,NaN,1233.26743,1322.00723,79,192,4,NaN,NaN,NaN,256
49,DUSP1_timesweep,G,10000,75,NaN,8900,13843,NaN,NaN,1328.76652,1432.09355,69,238,5,NaN,NaN,NaN,276
51,DUSP1_timesweep,G,10000,75,NaN,7808,12544,NaN,NaN,1273.27702,1325.09949,54,122,6,NaN,NaN,NaN,265
53,DUSP1_timesweep,G,10000,75,NaN,9117,15150,NaN,NaN,1278.25524,1368.14799,73,212,6,NaN,NaN,NaN,266
55,DUSP1_timesweep,G,10000,75,NaN,7299,13906,NaN,NaN,1080.44143,1071.66079,11,14,NaN,NaN,NaN,NaN,225
56,DUSP1_timesweep,G,10000,75,NaN,7254,12388,NaN,NaN,1134.81665,1175.35639,12,38,NaN,NaN,NaN,NaN,236
58,DUSP1_timesweep,G,10000,75,NaN,9364,30316,NaN,NaN,1206.65666,1179.8009,54,179,4,NaN,NaN,NaN,251
62,DUSP1_timesweep,G,10000,75,NaN,9238,28937,NaN,NaN,1207.22927,1253.74717,15,108,NaN,NaN,NaN,NaN,251
63,DUSP1_timesweep,G,10000,75,NaN,7667,22730,NaN,NaN,1343.027,1319.61373,48,128,5,NaN,NaN,NaN,279
64,DUSP1_timesweep,G,10000,75,NaN,9004,25580,NaN,NaN,1319.57441,1347.95551,68,216,NaN,NaN,NaN,NaN,274
66,DUSP1_timesweep,G,10000,75,NaN,8573,22053,NaN,NaN,1345.36767,1372.97751,53,231,11,5,NaN,NaN,280
67,DUSP1_timesweep,G,10000,75,NaN,9122,25286,NaN,NaN,1123.07849,1095.68757,42,75,NaN,NaN,NaN,NaN,233
68,DUSP1_timesweep,G,10000,75,NaN,9186,23970,NaN,NaN,1213.29567,1272.98365,56,215,NaN,NaN,NaN,NaN,252
71,DUSP1_timesweep,G,10000,75,NaN,9366,18000,NaN,NaN,1355.65983,1420.11178,136,346,4,NaN,NaN,NaN,282
72,DUSP1_timesweep,G,10000,75,NaN,8714,18852,NaN,NaN,1233.97487,1299.40463,50,216,NaN,NaN,NaN,NaN,257
73,DUSP1_timesweep,G,10000,75,NaN,9057,15821,NaN,NaN,1329.55924,1388.70602,66,189,NaN,NaN,NaN,NaN,276
77,DUSP1_timesweep,G,10000,75,NaN,7661,13251,NaN,NaN,1439.36418,1489.74983,59,188,NaN,NaN,NaN,NaN,299
78,DUSP1_timesweep,G,10000,75,NaN,7630,12194,NaN,NaN,1356.10708,1449.64573,55,160,NaN,NaN,NaN,NaN,282
79,DUSP1_timesweep,G,10000,75,NaN,6953,7594,NaN,NaN,1155.05408,1205.90703,48,59,NaN,NaN,NaN,NaN,240
82,DUSP1_timesweep,G,10000,75,NaN,8827,11976,NaN,NaN,1441.93305,1471.18554,167,228,4,NaN,NaN,NaN,300
83,DUSP1_timesweep,G,10000,75,NaN,8969,13786,NaN,NaN,1347.3443,1388.97026,173,253,8,NaN,NaN,NaN,280
84,DUSP1_timesweep,G,10000,75,NaN,8764,18368,NaN,NaN,1231.45242,1254.70068,77,173,NaN,NaN,NaN,NaN,256
86,DUSP1_timesweep,G,10000,75,NaN,8864,18210,NaN,NaN,1198.07356,1271.4994,101,218,NaN,NaN,NaN,NaN,249
87,DUSP1_timesweep,G,10000,75,NaN,8633,21426,NaN,NaN,1334.42477,1346.5856,115,305,NaN,NaN,NaN,NaN,277
92,DUSP1_timesweep,G,10000,75,NaN,9545,21744,NaN,NaN,1484.01802,1515.04544,169,460,6,6,5,NaN,309
95,DUSP1_timesweep,G,10000,75,NaN,8802,23096,NaN,NaN,1390.87185,1391.71103,94,251,NaN,NaN,NaN,NaN,289
98,DUSP1_timesweep,G,10000,75,NaN,8996,19893,NaN,NaN,1338.07726,1349.96436,90,202,NaN,NaN,NaN,NaN,278
100,DUSP1_timesweep,G,10000,75,NaN,7076,20850,NaN,NaN,1081.52996,1078.38633,32,98,NaN,NaN,NaN,NaN,225
102,DUSP1_timesweep,G,10000,75,NaN,8818,17079,NaN,NaN,1370.95022,1380.39077,91,201,NaN,NaN,NaN,NaN,285
104,DUSP1_timesweep,G,10000,75,NaN,7404,20361,NaN,NaN,1237.50176,1210.66279,64,151,NaN,NaN,NaN,NaN,257
112,DUSP1_timesweep,G,10000,75,NaN,8118,15934,NaN,NaN,1405.04311,1413.42802,80,207,5,NaN,NaN,NaN,292
115,DUSP1_timesweep,G,10000,75,NaN,6969,15136,NaN,NaN,1140.92151,1117.89945,20,36,NaN,NaN,NaN,NaN,237
118,DUSP1_timesweep,G,10000,75,NaN,7761,12124,NaN,NaN,1252.20397,1320.32902,57,141,NaN,NaN,NaN,NaN,260
120,DUSP1_timesweep,G,10000,75,NaN,7326,11040,NaN,NaN,1356.99672,1437.33243,111,248,15,4,NaN,NaN,282
122,DUSP1_timesweep,G,10000,75,NaN,7974,13738,NaN,NaN,1297.21946,1347.01965,81,237,NaN,NaN,NaN,NaN,270
126,DUSP1_timesweep,G,10000,75,NaN,8260,16387,NaN,NaN,1419.67797,1444.46043,116,249,4,NaN,NaN,NaN,295
130,DUSP1_timesweep,G,10000,75,NaN,9439,20492,NaN,NaN,1224.44835,1245.02586,51,135,4,NaN,NaN,NaN,255
131,DUSP1_timesweep,G,10000,75,NaN,7960,14365,NaN,NaN,1243.33317,1278.13568,62,167,NaN,NaN,NaN,NaN,258
138,DUSP1_timesweep,G,10000,75,NaN,8096,14714,NaN,NaN,1374.38463,1389.12668,41,113,NaN,NaN,NaN,NaN,286
143,DUSP1_timesweep,G,10000,75,NaN,7126,13694,NaN,NaN,1347.01123,1362.08215,67,107,NaN,NaN,NaN,NaN,280
144,DUSP1_timesweep,G,10000,75,NaN,8981,21077,NaN,NaN,1357.91794,1357.45021,60,181,NaN,NaN,NaN,NaN,282
145,DUSP1_timesweep,G,10000,75,NaN,9112,18130,NaN,NaN,1243.86359,1272.54942,76,119,NaN,NaN,NaN,NaN,259
146,DUSP1_timesweep,G,10000,75,NaN,8992,21040,NaN,NaN,1152.9623,1208.13926,15,59,NaN,NaN,NaN,NaN,240
147,DUSP1_timesweep,G,10000,75,NaN,9176,14501,NaN,NaN,1218.83075,1255.46776,77,127,NaN,NaN,NaN,NaN,253
148,DUSP1_timesweep,G,10000,75,NaN,9061,18520,NaN,NaN,1143.46739,1113.81377,39,61,NaN,NaN,NaN,NaN,238
149,DUSP1_timesweep,G,10000,75,NaN,7687,15369,NaN,NaN,1156.85625,1163.53471,14,34,NaN,NaN,NaN,NaN,241
151,DUSP1_timesweep,G,10000,75,NaN,8437,18133,NaN,NaN,1196.49781,1203.43109,99,184,4,NaN,NaN,NaN,249
152,DUSP1_timesweep,G,10000,75,NaN,7449,14292,NaN,NaN,1231.93852,1321.10167,43,146,NaN,NaN,NaN,NaN,256
153,DUSP1_timesweep,G,10000,75,NaN,9227,13336,NaN,NaN,1319.10914,1342.35903,50,112,4,NaN,NaN,NaN,274
155,DUSP1_timesweep,G,10000,75,NaN,7595,11774,NaN,NaN,1372.69256,1433.73841,66,155,NaN,NaN,NaN,NaN,285
159,DUSP1_timesweep,G,10000,75,NaN,7216,14634,NaN,NaN,1352.12569,1398.69981,31,124,NaN,NaN,NaN,NaN,281
162,DUSP1_timesweep,G,10000,75,NaN,6958,16922,NaN,NaN,1271.51983,1283.63019,30,88,NaN,NaN,NaN,NaN,264
163,DUSP1_timesweep,G,10000,75,NaN,7232,17132,NaN,NaN,1293.06734,1298.17896,29,58,NaN,NaN,NaN,NaN,269
164,DUSP1_timesweep,G,10000,75,NaN,8122,21835,NaN,NaN,1089.73849,1083.47827,15,39,NaN,NaN,NaN,NaN,227
165,DUSP1_timesweep,G,10000,75,NaN,7764,11799,NaN,NaN,1125.76082,1126.4658,9,15,NaN,NaN,NaN,NaN,234
166,DUSP1_timesweep,G,10000,75,NaN,8952,22941,NaN,NaN,1147.8015,1156.82996,13,84,NaN,NaN,NaN,NaN,239
169,DUSP1_timesweep,G,10000,75,NaN,8659,18253,NaN,NaN,1348.35327,1391.29102,80,237,NaN,NaN,NaN,NaN,280
171,DUSP1_timesweep,G,10000,75,NaN,8437,14102,NaN,NaN,1391.91229,1428.86484,74,155,NaN,NaN,NaN,NaN,289
172,DUSP1_timesweep,G,10000,75,NaN,7133,11149,NaN,NaN,1327.55923,1370.195,79,176,NaN,NaN,NaN,NaN,276
173,DUSP1_timesweep,G,10000,75,NaN,7099,11370,NaN,NaN,1398.44119,1502.7314,74,186,NaN,NaN,NaN,NaN,291
174,DUSP1_timesweep,G,10000,75,NaN,9191,15128,NaN,NaN,1369.51583,1464.18674,48,179,NaN,NaN,NaN,NaN,285
177,DUSP1_timesweep,G,10000,75,NaN,8811,14722,NaN,NaN,1443.15106,1465.80662,149,225,4,NaN,NaN,NaN,300
178,DUSP1_timesweep,G,10000,75,NaN,9495,15606,NaN,NaN,1275.66445,1319.77182,63,132,NaN,NaN,NaN,NaN,265
179,DUSP1_timesweep,G,10000,75,NaN,7216,15069,NaN,NaN,1293.14897,1322.3691,86,171,4,NaN,NaN,NaN,269
180,DUSP1_timesweep,G,10000,75,NaN,8181,9295,NaN,NaN,1124.77924,1152.16062,21,32,NaN,NaN,NaN,NaN,234
185,DUSP1_timesweep,G,10000,75,NaN,8370,13810,NaN,NaN,1385.89677,1460.34642,47,195,NaN,NaN,NaN,NaN,288
188,DUSP1_timesweep,G,10000,75,NaN,9155,11286,NaN,NaN,1418.98602,1500.93904,77,176,NaN,NaN,NaN,NaN,295
189,DUSP1_timesweep,G,10000,75,NaN,9496,9620,NaN,NaN,1394.46114,1448.16466,114,151,5,NaN,NaN,NaN,290
190,DUSP1_timesweep,G,10000,75,NaN,7630,6540,NaN,NaN,1168.88716,1153.86575,43,31,NaN,NaN,NaN,NaN,243
193,DUSP1_timesweep,G,10000,75,NaN,9366,13925,NaN,NaN,1297.041,1325.44402,55,75,NaN,NaN,NaN,NaN,270
196,DUSP1_timesweep,G,10000,75,NaN,9486,18152,NaN,NaN,1297.82342,1393.39004,107,385,NaN,NaN,NaN,NaN,270
198,DUSP1_timesweep,G,10000,75,NaN,8458,18861,NaN,NaN,1183.52034,1195.1694,45,150,NaN,NaN,NaN,NaN,246
200,DUSP1_timesweep,G,10000,75,NaN,7671,13147,NaN,NaN,1186.91005,1168.48399,43,67,NaN,NaN,NaN,NaN,247
201,DUSP1_timesweep,G,10000,75,NaN,7694,14855,NaN,NaN,1437.57837,1482.98411,100,278,17,NaN,NaN,NaN,299
202,DUSP1_timesweep,G,10000,75,NaN,9313,19186,NaN,NaN,1405.02878,1474.94376,69,262,4,NaN,NaN,NaN,292
203,DUSP1_timesweep,G,10000,75,NaN,9270,13264,NaN,NaN,1411.81338,1481.46954,61,182,6,NaN,NaN,NaN,294
206,DUSP1_timesweep,G,10000,75,NaN,8516,16449,NaN,NaN,1362.02067,1423.93173,62,160,NaN,NaN,NaN,NaN,283
208,DUSP1_timesweep,G,10000,75,NaN,7474,11420,NaN,NaN,1192.78285,1202.4627,39,93,NaN,NaN,NaN,NaN,248
210,DUSP1_timesweep,G,10000,75,NaN,7770,13976,NaN,NaN,1272.49601,1294.58228,41,89,NaN,NaN,NaN,NaN,265
212,DUSP1_timesweep,G,10000,75,NaN,8869,16054,NaN,NaN,1235.79614,1268.81986,70,132,NaN,NaN,NaN,NaN,257
216,DUSP1_timesweep,G,10000,75,NaN,9242,13283,NaN,NaN,1387.17172,1492.89972,96,240,4,NaN,NaN,NaN,288
218,DUSP1_timesweep,G,10000,75,NaN,7961,11632,NaN,NaN,1423.0971,1524.17117,95,219,4,NaN,NaN,NaN,296
219,DUSP1_timesweep,G,10000,75,NaN,9435,14905,NaN,NaN,1314.24918,1396.42046,50,154,4,4,NaN,NaN,273
224,DUSP1_timesweep,G,10000,75,NaN,8948,9133,NaN,NaN,1280.16898,1343.40118,148,189,NaN,NaN,NaN,NaN,266
226,DUSP1_timesweep,G,10000,75,NaN,7098,17135,NaN,NaN,1307.45957,1248.64295,96,173,NaN,NaN,NaN,NaN,272
231,DUSP1_timesweep,G,10000,75,NaN,7539,18750,NaN,NaN,1366.91458,1396.44821,69,199,NaN,NaN,NaN,NaN,284
233,DUSP1_timesweep,G,10000,75,NaN,8352,6977,NaN,NaN,1278.04646,1317.21714,59,61,NaN,NaN,NaN,NaN,266
234,DUSP1_timesweep,G,10000,75,NaN,9379,27461,NaN,NaN,1165.08892,1189.06963,42,114,NaN,NaN,NaN,NaN,242
239,DUSP1_timesweep,G,10000,75,NaN,8275,16324,NaN,NaN,1351.5913,1416.42557,77,254,4,NaN,NaN,NaN,281
240,DUSP1_timesweep,G,10000,75,NaN,7264,17243,NaN,NaN,1330.8666,1361.63684,91,227,NaN,NaN,NaN,NaN,277
241,DUSP1_timesweep,G,10000,75,NaN,7553,13761,NaN,NaN,1410.82629,1445.07434,78,179,NaN,NaN,NaN,NaN,293
242,DUSP1_timesweep,G,10000,75,NaN,9420,16834,NaN,NaN,1400.62028,1454.25793,64,222,6,NaN,NaN,NaN,291
243,DUSP1_timesweep,G,10000,75,NaN,8981,17673,NaN,NaN,1345.04031,1358.7297,66,152,NaN,NaN,NaN,NaN,280
244,DUSP1_timesweep,G,10000,75,NaN,8816,22219,NaN,NaN,1359.46518,1378.98659,83,217,NaN,NaN,NaN,NaN,283
245,DUSP1_timesweep,G,10000,75,NaN,8777,13732,NaN,NaN,1263.98371,1379.04755,31,129,NaN,NaN,NaN,NaN,263
246,DUSP1_timesweep,G,10000,75,NaN,8003,24036,NaN,NaN,1194.56066,1230.0196,9,84,NaN,NaN,NaN,NaN,248
247,DUSP1_timesweep,G,10000,75,NaN,9142,22061,NaN,NaN,1206.78889,1184.14034,53,96,NaN,NaN,NaN,NaN,251
251,DUSP1_timesweep,G,10000,75,NaN,9400,27445,NaN,NaN,1248.27596,1263.87706,24,151,NaN,NaN,NaN,NaN,260
255,DUSP1_timesweep,G,10000,75,NaN,8439,19419,NaN,NaN,1220.41225,1261.2686,120,257,NaN,NaN,NaN,NaN,254
259,DUSP1_timesweep,G,10000,75,NaN,9215,25027,NaN,NaN,1348.72013,1415.91893,70,260,NaN,NaN,NaN,NaN,280
260,DUSP1_timesweep,G,10000,75,NaN,9147,15452,NaN,NaN,1248.79359,1234.56407,65,119,5,NaN,NaN,NaN,260
261,DUSP1_timesweep,G,10000,75,NaN,7880,20155,NaN,NaN,1301.56586,1325.36983,20,100,NaN,NaN,NaN,NaN,271
262,DUSP1_timesweep,G,10000,75,NaN,8479,21307,NaN,NaN,1167.61729,1186.02469,29,85,NaN,NaN,NaN,NaN,243
264,DUSP1_timesweep,G,10000,75,NaN,8443,10647,NaN,NaN,1244.2344,1255.31793,50,86,4,NaN,NaN,NaN,259
265,DUSP1_timesweep,G,10000,75,NaN,9535,21094,NaN,NaN,1217.19329,1220.23613,47,98,NaN,NaN,NaN,NaN,253
266,DUSP1_timesweep,G,10000,75,NaN,8697,17411,NaN,NaN,1143.18006,1141.33525,33,96,NaN,NaN,NaN,NaN,238
272,DUSP1_timesweep,G,10000,75,NaN,8784,17036,NaN,NaN,1406.80328,1490.22517,96,262,NaN,NaN,NaN,NaN,292
273,DUSP1_timesweep,G,10000,75,NaN,9483,16410,NaN,NaN,1265.88242,1310.14497,80,172,NaN,NaN,NaN,NaN,263
274,DUSP1_timesweep,G,10000,75,NaN,9198,13294,NaN,NaN,1361.45956,1421.74876,75,143,NaN,NaN,NaN,NaN,283
275,DUSP1_timesweep,G,10000,75,NaN,7679,10067,NaN,NaN,1425.20354,1467.40836,88,148,6,NaN,NaN,NaN,296
276,DUSP1_timesweep,G,10000,75,NaN,7046,6487,NaN,NaN,1120.62688,1225.19177,18,39,NaN,NaN,NaN,NaN,233
278,DUSP1_timesweep,G,10000,75,NaN,9105,18100,NaN,NaN,1405.85942,1431.50188,118,234,4,NaN,NaN,NaN,292
279,DUSP1_timesweep,G,10000,75,NaN,7181,14019,NaN,NaN,1313.98775,1340.3043,51,116,NaN,NaN,NaN,NaN,273
280,DUSP1_timesweep,G,10000,75,NaN,8199,15189,NaN,NaN,1311.80949,1358.77668,82,142,NaN,NaN,NaN,NaN,273
281,DUSP1_timesweep,G,10000,75,NaN,8901,18160,NaN,NaN,1164.38906,1191.01101,28,95,NaN,NaN,NaN,NaN,242
282,DUSP1_timesweep,G,10000,75,NaN,9542,15931,NaN,NaN,1238.25927,1316.80441,72,175,NaN,NaN,NaN,NaN,257
283,DUSP1_timesweep,G,10000,75,NaN,8456,13807,NaN,NaN,1182.00615,1225.4032,39,84,NaN,NaN,NaN,NaN,246
285,DUSP1_timesweep,G,10000,75,NaN,9300,14971,NaN,NaN,1264.6757,1294.96981,81,150,NaN,NaN,NaN,NaN,263
286,DUSP1_timesweep,G,10000,75,NaN,8634,10419,NaN,NaN,1321.53243,1399.63643,96,177,5,NaN,NaN,NaN,275
290,DUSP1_timesweep,G,10000,75,NaN,8090,17545,NaN,NaN,1390.78405,1408.88817,36,143,NaN,NaN,NaN,NaN,289
293,DUSP1_timesweep,G,10000,75,NaN,8430,15251,NaN,NaN,1343.01934,1357.14373,29,96,NaN,NaN,NaN,NaN,279
295,DUSP1_timesweep,G,10000,75,NaN,7900,15729,NaN,NaN,1278.93038,1352.84614,81,193,7,7,NaN,NaN,266
296,DUSP1_timesweep,G,10000,75,NaN,8723,13338,NaN,NaN,1149.04276,1259.38679,37,144,NaN,NaN,NaN,NaN,239
297,DUSP1_timesweep,G,10000,75,NaN,9299,17799,NaN,NaN,1131.16841,1176.61818,30,82,NaN,NaN,NaN,NaN,235
300,DUSP1_timesweep,G,10000,75,NaN,9478,24803,NaN,NaN,1306.11817,1327.82268,36,180,NaN,NaN,NaN,NaN,272
301,DUSP1_timesweep,G,10000,75,NaN,7527,10301,NaN,NaN,1075.39046,1165.71061,18,52,NaN,NaN,NaN,NaN,224
303,DUSP1_timesweep,G,10000,75,NaN,9473,27146,NaN,NaN,1292.43935,1343.11143,57,247,NaN,NaN,NaN,NaN,269
306,DUSP1_timesweep,G,10000,75,NaN,7849,11711,NaN,NaN,1411.59269,1444.42703,140,213,NaN,NaN,NaN,NaN,293
309,DUSP1_timesweep,G,10000,75,NaN,9536,22120,NaN,NaN,1214.96162,1216.50949,86,231,7,NaN,NaN,NaN,253
311,DUSP1_timesweep,G,10000,75,NaN,7574,16086,NaN,NaN,1072.34354,1147.83066,53,156,NaN,NaN,NaN,NaN,223
312,DUSP1_timesweep,G,10000,75,NaN,7763,17463,NaN,NaN,1253.73193,1307.71563,61,177,NaN,NaN,NaN,NaN,261
313,DUSP1_timesweep,G,10000,75,NaN,8296,16057,NaN,NaN,1293.72011,1291.68257,44,149,NaN,NaN,NaN,NaN,269
314,DUSP1_timesweep,G,10000,75,NaN,9015,22874,NaN,NaN,1217.39656,1252.74001,59,191,4,NaN,NaN,NaN,253
316,DUSP1_timesweep,G,10000,75,NaN,8361,12357,NaN,NaN,1334.59897,1319.58194,62,91,NaN,NaN,NaN,NaN,277
318,DUSP1_timesweep,G,10000,75,NaN,9097,14435,NaN,NaN,1167.07948,1254.41857,34,78,NaN,NaN,NaN,NaN,243
319,DUSP1_timesweep,G,10000,75,NaN,7974,13435,NaN,NaN,1421.88538,1579.6256,142,350,6,NaN,NaN,NaN,296
320,DUSP1_timesweep,G,10000,75,NaN,7547,10486,NaN,NaN,1232.16245,1321.92275,19,63,NaN,NaN,NaN,NaN,256
323,DUSP1_timesweep,G,10000,75,NaN,8524,18877,NaN,NaN,1193.40005,1240.22032,59,166,NaN,NaN,NaN,NaN,248
330,DUSP1_timesweep,G,10000,75,NaN,9547,17493,NaN,NaN,1329.65916,1363.86858,52,131,NaN,NaN,NaN,NaN,276
332,DUSP1_timesweep,G,10000,75,NaN,7757,23192,NaN,NaN,1446.73907,1404.34158,86,215,10,NaN,NaN,NaN,301
335,DUSP1_timesweep,G,10000,75,NaN,7877,21745,NaN,NaN,1337.42161,1349.5094,78,155,NaN,NaN,NaN,NaN,278
337,DUSP1_timesweep,G,10000,75,NaN,9015,25968,NaN,NaN,1073.01298,1121.28897,37,135,NaN,NaN,NaN,NaN,223
339,DUSP1_timesweep,G,10000,75,NaN,7698,24180,NaN,NaN,1239.55339,1253.26915,92,245,7,5,NaN,NaN,258
344,DUSP1_timesweep,G,10000,75,NaN,7988,11569,NaN,NaN,1433.85278,1428.18593,70,154,NaN,NaN,NaN,NaN,298
345,DUSP1_timesweep,G,10000,75,NaN,8617,28086,NaN,NaN,1306.61332,1372.64043,19,214,NaN,NaN,NaN,NaN,272
346,DUSP1_timesweep,G,10000,75,NaN,8197,23509,NaN,NaN,1370.56716,1364.89757,58,144,NaN,NaN,NaN,NaN,285
348,DUSP1_timesweep,G,10000,75,NaN,8730,27471,NaN,NaN,1227.64582,1197.78556,62,153,4,NaN,NaN,NaN,255
350,DUSP1_timesweep,G,10000,75,NaN,9054,6205,NaN,NaN,1049.43296,1035.35729,18,13,NaN,NaN,NaN,NaN,218
351,DUSP1_timesweep,G,10000,75,NaN,8684,9814,NaN,NaN,1181.08303,1275.70471,23,57,NaN,NaN,NaN,NaN,246
355,DUSP1_timesweep,G,10000,75,NaN,7854,19219,NaN,NaN,1352.79463,1398.54904,53,233,NaN,NaN,NaN,NaN,281
356,DUSP1_timesweep,G,10000,75,NaN,7957,17194,NaN,NaN,1370.14025,1434.871,56,250,NaN,NaN,NaN,NaN,285
357,DUSP1_timesweep,G,10000,75,NaN,8177,13658,NaN,NaN,1361.35857,1395.56787,58,170,NaN,NaN,NaN,NaN,283
359,DUSP1_timesweep,G,10000,75,NaN,9055,14177,NaN,NaN,1378.83678,1468.96826,79,211,NaN,NaN,NaN,NaN,287
361,DUSP1_timesweep,G,10000,75,NaN,8021,14680,NaN,NaN,1277.39122,1309.96042,87,199,NaN,NaN,NaN,NaN,266
362,DUSP1_timesweep,G,10000,75,NaN,7991,13225,NaN,NaN,1100.5809,1109.88401,23,48,NaN,NaN,NaN,NaN,229
364,DUSP1_timesweep,G,10000,75,NaN,9293,14365,NaN,NaN,1287.15657,1353.93603,56,173,5,NaN,NaN,NaN,268
366,DUSP1_timesweep,G,10000,75,NaN,8880,17234,NaN,NaN,1197.70676,1215.59969,42,102,NaN,NaN,NaN,NaN,249
367,DUSP1_timesweep,G,10000,75,NaN,8082,19200,NaN,NaN,1242.21059,1309.35609,50,189,NaN,NaN,NaN,NaN,258
368,DUSP1_timesweep,G,10000,75,NaN,8433,20497,NaN,NaN,1349.89802,1409.7825,34,196,NaN,NaN,NaN,NaN,281
369,DUSP1_timesweep,G,10000,75,NaN,7978,15247,NaN,NaN,1357.77425,1454.61953,52,208,4,NaN,NaN,NaN,282
370,DUSP1_timesweep,G,10000,75,NaN,7582,13044,NaN,NaN,1283.58942,1331.30819,51,108,NaN,NaN,NaN,NaN,267
372,DUSP1_timesweep,G,10000,75,NaN,8157,7490,NaN,NaN,1447.36754,1377.36809,142,87,4,4,NaN,NaN,301
373,DUSP1_timesweep,G,10000,75,NaN,8927,18533,NaN,NaN,1230.00258,1257.5174,51,104,4,NaN,NaN,NaN,256
374,DUSP1_timesweep,G,10000,75,NaN,8787,9101,NaN,NaN,1148.1286,1164.97033,22,33,NaN,NaN,NaN,NaN,239
376,DUSP1_timesweep,G,10000,75,NaN,9458,21438,NaN,NaN,1199.93931,1269.80311,51,143,NaN,NaN,NaN,NaN,249
377,DUSP1_timesweep,G,10000,75,NaN,8858,22952,NaN,NaN,1168.28167,1200.53969,34,102,NaN,NaN,NaN,NaN,243
378,DUSP1_timesweep,G,10000,75,NaN,8734,20045,NaN,NaN,1379.81028,1442.28755,106,316,NaN,NaN,NaN,NaN,287
379,DUSP1_timesweep,G,10000,75,NaN,7662,15187,NaN,NaN,1320.31545,1323.69711,35,91,NaN,NaN,NaN,NaN,274
380,DUSP1_timesweep,G,10000,75,NaN,8883,15484,NaN,NaN,1430.08015,1452.09313,83,210,4,NaN,NaN,NaN,297
381,DUSP1_timesweep,G,10000,75,NaN,7756,17350,NaN,NaN,1374.15407,1369.88968,85,158,4,NaN,NaN,NaN,286
382,DUSP1_timesweep,G,10000,75,NaN,9016,23033,NaN,NaN,1318.93146,1340.59332,48,194,NaN,NaN,NaN,NaN,274
383,DUSP1_timesweep,G,10000,75,NaN,7951,14749,NaN,NaN,1229.30512,1254.81144,50,138,NaN,NaN,NaN,NaN,256
387,DUSP1_timesweep,G,10000,75,NaN,7835,22072,NaN,NaN,1314.21213,1277.0405,97,234,4,NaN,NaN,NaN,273
388,DUSP1_timesweep,G,10000,75,NaN,8282,20976,NaN,NaN,1376.96849,1347.94375,139,310,5,NaN,NaN,NaN,286
390,DUSP1_timesweep,G,10000,75,NaN,9348,17721,NaN,NaN,1356.16431,1394.11032,73,186,NaN,NaN,NaN,NaN,282
391,DUSP1_timesweep,G,10000,75,NaN,7899,10486,NaN,NaN,1335.35523,1433.40187,122,219,NaN,NaN,NaN,NaN,278
397,DUSP1_timesweep,G,10000,75,NaN,8198,21832,NaN,NaN,1363.80617,1406.726,61,219,NaN,NaN,NaN,NaN,284
398,DUSP1_timesweep,G,10000,75,NaN,8871,22376,NaN,NaN,1359.37921,1415.31704,192,441,4,NaN,NaN,NaN,283
402,DUSP1_timesweep,G,10000,75,NaN,8583,19410,NaN,NaN,1158.89246,1163.25688,24,43,NaN,NaN,NaN,NaN,241
403,DUSP1_timesweep,G,10000,75,NaN,9251,26124,NaN,NaN,1172.57799,1221.72079,41,161,NaN,NaN,NaN,NaN,244
405,DUSP1_timesweep,G,10000,75,NaN,8117,11974,NaN,NaN,1197.17137,1231.03416,91,105,NaN,NaN,NaN,NaN,249
406,DUSP1_timesweep,G,10000,75,NaN,8860,18029,NaN,NaN,1387.10993,1370.551,89,208,NaN,NaN,NaN,NaN,288
408,DUSP1_timesweep,G,10000,75,NaN,9292,22288,NaN,NaN,1332.89658,1368.39712,141,332,8,4,NaN,NaN,277
411,DUSP1_timesweep,G,10000,75,NaN,9246,18128,NaN,NaN,1339.492,1399.58131,154,329,6,4,NaN,NaN,278
412,DUSP1_timesweep,G,10000,75,NaN,7833,13953,NaN,NaN,1264.26873,1284.97914,41,80,NaN,NaN,NaN,NaN,263
414,DUSP1_timesweep,G,10000,75,NaN,8314,11800,NaN,NaN,1123.51227,1151.7578,52,104,NaN,NaN,NaN,NaN,234
415,DUSP1_timesweep,G,10000,75,NaN,9028,16260,NaN,NaN,1153.80184,1195.12638,45,115,NaN,NaN,NaN,NaN,240
417,DUSP1_timesweep,G,10000,75,NaN,7099,12983,NaN,NaN,1114.59699,1163.13287,96,158,NaN,NaN,NaN,NaN,232
419,DUSP1_timesweep,G,10000,75,NaN,8716,17737,NaN,NaN,1382.71615,1394.23493,83,186,7,NaN,NaN,NaN,287
420,DUSP1_timesweep,G,10000,75,NaN,9239,12297,NaN,NaN,1347.2996,1429.19671,40,134,NaN,NaN,NaN,NaN,280
423,DUSP1_timesweep,G,10000,75,NaN,8780,15960,NaN,NaN,1410.94396,1447.52287,116,217,4,NaN,NaN,NaN,293
424,DUSP1_timesweep,G,10000,75,NaN,7085,16309,NaN,NaN,1392.86309,1435.2322,64,241,21,14,NaN,NaN,290
425,DUSP1_timesweep,G,10000,75,NaN,8865,9367,NaN,NaN,1244.13852,1263.04025,54,82,NaN,NaN,NaN,NaN,259
426,DUSP1_timesweep,G,10000,75,NaN,8302,16424,NaN,NaN,1363.53252,1420.03696,119,298,NaN,NaN,NaN,NaN,283
427,DUSP1_timesweep,G,10000,75,NaN,9036,19669,NaN,NaN,1281.59861,1330.33703,46,160,NaN,NaN,NaN,NaN,266
428,DUSP1_timesweep,G,10000,75,NaN,8841,14023,NaN,NaN,1132.41127,1143.21172,44,89,NaN,NaN,NaN,NaN,235
429,DUSP1_timesweep,G,10000,75,NaN,8314,18223,NaN,NaN,1214.48304,1228.46414,59,139,6,NaN,NaN,NaN,252
1,DUSP1_timesweep,H,10000,75,NaN,9083,13129,NaN,NaN,1213.53969,1309.49295,112,229,NaN,NaN,NaN,NaN,252
2,DUSP1_timesweep,H,10000,75,NaN,9025,17404,NaN,NaN,1142.71136,1205.6857,32,120,NaN,NaN,NaN,NaN,238
4,DUSP1_timesweep,H,10000,75,NaN,8472,14299,NaN,NaN,1340.35576,1372.45479,57,188,NaN,NaN,NaN,NaN,279
5,DUSP1_timesweep,H,10000,75,NaN,7643,10947,NaN,NaN,1259.1086,1346.79392,110,223,NaN,NaN,NaN,NaN,262
6,DUSP1_timesweep,H,10000,75,NaN,8612,13891,NaN,NaN,1336.84673,1342.96192,127,158,NaN,NaN,NaN,NaN,278
8,DUSP1_timesweep,H,10000,75,NaN,6968,13582,NaN,NaN,1161.25947,1214.48829,54,155,NaN,NaN,NaN,NaN,241
9,DUSP1_timesweep,H,10000,75,NaN,9094,11711,NaN,NaN,1263.51188,1266.92477,65,85,NaN,NaN,NaN,NaN,263
10,DUSP1_timesweep,H,10000,75,NaN,8837,13054,NaN,NaN,1157.66742,1179.18845,45,61,NaN,NaN,NaN,NaN,241
14,DUSP1_timesweep,H,10000,75,NaN,7050,15730,NaN,NaN,1316.28255,1335.81761,90,202,NaN,NaN,NaN,NaN,274
16,DUSP1_timesweep,H,10000,75,NaN,8423,19914,NaN,NaN,1179.56417,1168.15813,102,168,NaN,NaN,NaN,NaN,245
18,DUSP1_timesweep,H,10000,75,NaN,9470,21647,NaN,NaN,1160.22587,1185.2058,107,161,NaN,NaN,NaN,NaN,241
19,DUSP1_timesweep,H,10000,75,NaN,8968,19811,NaN,NaN,1336.24521,1363.6613,76,248,7,NaN,NaN,NaN,278
20,DUSP1_timesweep,H,10000,75,NaN,8580,18740,NaN,NaN,1345.76702,1322.38773,123,217,7,NaN,NaN,NaN,280
21,DUSP1_timesweep,H,10000,75,NaN,7341,18300,NaN,NaN,1160.38578,1172.96197,30,89,4,NaN,NaN,NaN,241
23,DUSP1_timesweep,H,10000,75,NaN,7131,14538,NaN,NaN,1274.67087,1245.46905,60,95,NaN,NaN,NaN,NaN,265
24,DUSP1_timesweep,H,10000,75,NaN,9170,22239,NaN,NaN,1122.741,1100.12028,68,133,NaN,NaN,NaN,NaN,233
25,DUSP1_timesweep,H,10000,75,NaN,8628,21542,NaN,NaN,1148.83519,1143.43487,60,93,NaN,NaN,NaN,NaN,239
26,DUSP1_timesweep,H,10000,75,NaN,7840,15940,NaN,NaN,1141.84413,1134.17604,27,52,NaN,NaN,NaN,NaN,237
27,DUSP1_timesweep,H,10000,75,NaN,7779,15342,NaN,NaN,1026.86026,1021.22259,23,29,NaN,NaN,NaN,NaN,213
29,DUSP1_timesweep,H,10000,75,NaN,8841,15276,NaN,NaN,1104.11051,1218.87497,87,217,NaN,NaN,NaN,NaN,230
31,DUSP1_timesweep,H,10000,75,NaN,7882,16372,NaN,NaN,1170.42832,1208.23485,32,112,NaN,NaN,NaN,NaN,243
33,DUSP1_timesweep,H,10000,75,NaN,8541,23838,NaN,NaN,1223.27608,1208.14317,36,122,NaN,NaN,NaN,NaN,254
36,DUSP1_timesweep,H,10000,75,NaN,8113,21820,NaN,NaN,1387.81992,1347.52649,102,224,NaN,NaN,NaN,NaN,289
39,DUSP1_timesweep,H,10000,75,NaN,8649,18184,NaN,NaN,1387.71002,1395.78124,131,305,6,5,NaN,NaN,289
40,DUSP1_timesweep,H,10000,75,NaN,8606,21192,NaN,NaN,1117.5459,1093.70923,22,65,NaN,NaN,NaN,NaN,232
41,DUSP1_timesweep,H,10000,75,NaN,8976,17863,NaN,NaN,1291.57732,1304.78402,135,310,NaN,NaN,NaN,NaN,269
43,DUSP1_timesweep,H,10000,75,NaN,8734,15056,NaN,NaN,1211.12961,1230.10189,96,243,NaN,NaN,NaN,NaN,252
48,DUSP1_timesweep,H,10000,75,NaN,8598,14209,NaN,NaN,1311.35776,1359.26772,78,168,NaN,NaN,NaN,NaN,273
50,DUSP1_timesweep,H,10000,75,NaN,8655,12942,NaN,NaN,1289.15864,1320.43054,35,102,NaN,NaN,NaN,NaN,268
51,DUSP1_timesweep,H,10000,75,NaN,8285,15336,NaN,NaN,1287.44719,1305.09892,30,97,5,NaN,NaN,NaN,268
52,DUSP1_timesweep,H,10000,75,NaN,7721,13516,NaN,NaN,1257.88849,1257.07976,93,172,NaN,NaN,NaN,NaN,262
53,DUSP1_timesweep,H,10000,75,NaN,8709,15509,NaN,NaN,1332.43036,1346.68947,63,161,5,NaN,NaN,NaN,277
55,DUSP1_timesweep,H,10000,75,NaN,8957,14279,NaN,NaN,1159.19181,1165.80433,74,144,NaN,NaN,NaN,NaN,241
58,DUSP1_timesweep,H,10000,75,NaN,8469,8614,NaN,NaN,1160.37797,1170.34038,32,51,NaN,NaN,NaN,NaN,241
59,DUSP1_timesweep,H,10000,75,NaN,9508,24475,NaN,NaN,1254.02987,1240.70705,61,176,NaN,NaN,NaN,NaN,261
61,DUSP1_timesweep,H,10000,75,NaN,7798,24802,NaN,NaN,1243.05873,1179.26151,64,136,NaN,NaN,NaN,NaN,258
63,DUSP1_timesweep,H,10000,75,NaN,8262,19194,NaN,NaN,1404.5512,1374.49161,151,281,16,NaN,NaN,NaN,292
64,DUSP1_timesweep,H,10000,75,NaN,7517,15079,NaN,NaN,1084.5739,1124.47821,14,43,NaN,NaN,NaN,NaN,225
66,DUSP1_timesweep,H,10000,75,NaN,9246,21579,NaN,NaN,1216.82717,1218.22795,49,158,NaN,NaN,NaN,NaN,253
71,DUSP1_timesweep,H,10000,75,NaN,8897,22288,NaN,NaN,1136.68956,1177.00202,53,138,NaN,NaN,NaN,NaN,236
72,DUSP1_timesweep,H,10000,75,NaN,8503,9870,NaN,NaN,1213.14254,1241.43323,78,153,NaN,NaN,NaN,NaN,252
73,DUSP1_timesweep,H,10000,75,NaN,8774,18542,NaN,NaN,1126.82539,1164.69922,136,347,NaN,NaN,NaN,NaN,234
75,DUSP1_timesweep,H,10000,75,NaN,8729,12263,NaN,NaN,1308.66147,1303.3257,162,226,NaN,NaN,NaN,NaN,272
76,DUSP1_timesweep,H,10000,75,NaN,8720,20072,NaN,NaN,1346.22936,1334.78433,112,218,NaN,NaN,NaN,NaN,280
77,DUSP1_timesweep,H,10000,75,NaN,7016,26390,NaN,NaN,1241.93358,1218.94149,82,241,NaN,NaN,NaN,NaN,258
78,DUSP1_timesweep,H,10000,75,NaN,9306,28876,NaN,NaN,1310.22985,1317.74702,54,187,NaN,NaN,NaN,NaN,272
79,DUSP1_timesweep,H,10000,75,NaN,9167,24971,NaN,NaN,1230.10232,1249.99584,44,135,NaN,NaN,NaN,NaN,256
80,DUSP1_timesweep,H,10000,75,NaN,8380,17504,NaN,NaN,1268.34666,1319.35283,60,167,NaN,NaN,NaN,NaN,264
85,DUSP1_timesweep,H,10000,75,NaN,8919,21372,NaN,NaN,1061.90145,1067.96163,32,105,NaN,NaN,NaN,NaN,221
86,DUSP1_timesweep,H,10000,75,NaN,8082,17451,NaN,NaN,1182.97241,1191.28869,63,142,NaN,NaN,NaN,NaN,246
88,DUSP1_timesweep,H,10000,75,NaN,7178,12437,NaN,NaN,1177.45848,1181.87111,83,163,NaN,NaN,NaN,NaN,245
90,DUSP1_timesweep,H,10000,75,NaN,8981,21771,NaN,NaN,1239.11001,1233.10307,36,89,7,NaN,NaN,NaN,258
94,DUSP1_timesweep,H,10000,75,NaN,8193,12834,NaN,NaN,1339.57561,1356.93798,79,139,NaN,NaN,NaN,NaN,279
97,DUSP1_timesweep,H,10000,75,NaN,8921,19121,NaN,NaN,1337.54389,1324.80043,84,188,7,NaN,NaN,NaN,278
98,DUSP1_timesweep,H,10000,75,NaN,6981,14260,NaN,NaN,1273.38046,1255.41367,32,72,NaN,NaN,NaN,NaN,265
100,DUSP1_timesweep,H,10000,75,NaN,9509,20340,NaN,NaN,1212.84804,1202.68859,106,209,NaN,NaN,NaN,NaN,252
105,DUSP1_timesweep,H,10000,75,NaN,9404,18504,NaN,NaN,1240.85134,1270.87711,105,249,NaN,NaN,NaN,NaN,258
107,DUSP1_timesweep,H,10000,75,NaN,9264,20116,NaN,NaN,1261.64141,1282.76785,96,246,6,NaN,NaN,NaN,262
112,DUSP1_timesweep,H,10000,75,NaN,9145,20723,NaN,NaN,1184.11296,1193.6487,36,82,NaN,NaN,NaN,NaN,246
115,DUSP1_timesweep,H,10000,75,NaN,8207,16662,NaN,NaN,1318.14037,1287.09063,80,145,NaN,NaN,NaN,NaN,274
116,DUSP1_timesweep,H,10000,75,NaN,9274,20198,NaN,NaN,1237.32618,1211.7378,93,206,NaN,NaN,NaN,NaN,257
118,DUSP1_timesweep,H,10000,75,NaN,8757,9535,NaN,NaN,1070.38815,1111.90425,62,102,NaN,NaN,NaN,NaN,223
119,DUSP1_timesweep,H,10000,75,NaN,8528,25155,NaN,NaN,1136.21822,1106.53143,27,69,NaN,NaN,NaN,NaN,236
120,DUSP1_timesweep,H,10000,75,NaN,9157,22673,NaN,NaN,1182.93448,1151.77669,112,263,NaN,NaN,NaN,NaN,246
122,DUSP1_timesweep,H,10000,75,NaN,8091,23868,NaN,NaN,1247.46595,1248.05442,55,143,NaN,NaN,NaN,NaN,259
124,DUSP1_timesweep,H,10000,75,NaN,8330,21720,NaN,NaN,1234.25162,1237.40635,79,257,NaN,NaN,NaN,NaN,257
128,DUSP1_timesweep,H,10000,75,NaN,7528,19628,NaN,NaN,1071.05818,1165.62615,34,100,NaN,NaN,NaN,NaN,223
133,DUSP1_timesweep,H,10000,75,NaN,7441,8986,NaN,NaN,1246.17296,1290.46973,96,139,NaN,NaN,NaN,NaN,259
135,DUSP1_timesweep,H,10000,75,NaN,7039,14296,NaN,NaN,1285.64825,1322.32086,54,162,NaN,NaN,NaN,NaN,267
136,DUSP1_timesweep,H,10000,75,NaN,7937,12788,NaN,NaN,1159.83079,1202.09134,33,110,NaN,NaN,NaN,NaN,241
137,DUSP1_timesweep,H,10000,75,NaN,7044,12961,NaN,NaN,1327.71124,1318.62842,63,97,NaN,NaN,NaN,NaN,276
139,DUSP1_timesweep,H,10000,75,NaN,9240,18060,NaN,NaN,1262.84708,1261.28394,62,122,NaN,NaN,NaN,NaN,263
140,DUSP1_timesweep,H,10000,75,NaN,7985,14478,NaN,NaN,1376.36556,1350.76813,85,156,5,NaN,NaN,NaN,286
142,DUSP1_timesweep,H,10000,75,NaN,8633,13499,NaN,NaN,1137.33163,1204.93177,32,107,NaN,NaN,NaN,NaN,236
143,DUSP1_timesweep,H,10000,75,NaN,7866,17002,NaN,NaN,1271.3688,1275.10399,66,108,NaN,NaN,NaN,NaN,264
144,DUSP1_timesweep,H,10000,75,NaN,7672,14263,NaN,NaN,1308.42961,1323.05307,40,111,NaN,NaN,NaN,NaN,272
145,DUSP1_timesweep,H,10000,75,NaN,9421,14190,NaN,NaN,1130.449,1132.13228,32,81,NaN,NaN,NaN,NaN,235
146,DUSP1_timesweep,H,10000,75,NaN,7874,11555,NaN,NaN,1211.97562,1215.74825,28,65,NaN,NaN,NaN,NaN,252
148,DUSP1_timesweep,H,10000,75,NaN,8463,17728,NaN,NaN,1084.17972,1064.91838,28,88,NaN,NaN,NaN,NaN,225
154,DUSP1_timesweep,H,10000,75,NaN,9115,23944,NaN,NaN,1022.13626,1017.02381,18,76,NaN,NaN,NaN,NaN,213
155,DUSP1_timesweep,H,10000,75,NaN,9000,17877,NaN,NaN,1333.85356,1274.97365,196,290,NaN,NaN,NaN,NaN,277
156,DUSP1_timesweep,H,10000,75,NaN,7908,9920,NaN,NaN,1194.72066,1189.21482,34,37,NaN,NaN,NaN,NaN,248
158,DUSP1_timesweep,H,10000,75,NaN,7322,21195,NaN,NaN,1195.93021,1151.41916,83,157,NaN,NaN,NaN,NaN,249
160,DUSP1_timesweep,H,10000,75,NaN,8439,18225,NaN,NaN,1400.98507,1413.27364,130,286,NaN,NaN,NaN,NaN,291
161,DUSP1_timesweep,H,10000,75,NaN,7854,10257,NaN,NaN,1405.85167,1436.05274,143,199,NaN,NaN,NaN,NaN,292
165,DUSP1_timesweep,H,10000,75,NaN,7503,14164,NaN,NaN,1376.85592,1375.18039,119,231,NaN,NaN,NaN,NaN,286
167,DUSP1_timesweep,H,10000,75,NaN,9397,33161,NaN,NaN,1036.75269,1027.7033,7,95,NaN,NaN,NaN,NaN,216
169,DUSP1_timesweep,H,10000,75,NaN,6984,13526,NaN,NaN,1025.75301,1088.60594,20,54,NaN,NaN,NaN,NaN,213
171,DUSP1_timesweep,H,10000,75,NaN,8588,12339,NaN,NaN,1213.56998,1230.69528,121,164,NaN,NaN,NaN,NaN,252
172,DUSP1_timesweep,H,10000,75,NaN,8829,14715,NaN,NaN,1138.52169,1162.30962,61,150,NaN,NaN,NaN,NaN,237
174,DUSP1_timesweep,H,10000,75,NaN,8709,14398,NaN,NaN,1314.79355,1297.72816,79,126,6,NaN,NaN,NaN,273
176,DUSP1_timesweep,H,10000,75,NaN,7713,12489,NaN,NaN,1289.30766,1297.3375,96,176,6,5,NaN,NaN,268
177,DUSP1_timesweep,H,10000,75,NaN,7239,11015,NaN,NaN,1189.37367,1185.0778,50,108,NaN,NaN,NaN,NaN,247
179,DUSP1_timesweep,H,10000,75,NaN,9110,13324,NaN,NaN,1282.47936,1294.50255,29,67,NaN,NaN,NaN,NaN,267
180,DUSP1_timesweep,H,10000,75,NaN,7118,12010,NaN,NaN,1240.23167,1283.25779,28,82,NaN,NaN,NaN,NaN,258
182,DUSP1_timesweep,H,10000,75,NaN,7631,13480,NaN,NaN,1186.50845,1172.67967,34,58,NaN,NaN,NaN,NaN,247
183,DUSP1_timesweep,H,10000,75,NaN,9302,16154,NaN,NaN,1203.40894,1209.34536,48,80,NaN,NaN,NaN,NaN,250
184,DUSP1_timesweep,H,10000,75,NaN,9395,8294,NaN,NaN,1077.86631,1066.3851,19,40,NaN,NaN,NaN,NaN,224
185,DUSP1_timesweep,H,10000,75,NaN,8629,13274,NaN,NaN,1115.05539,1127.1915,34,60,NaN,NaN,NaN,NaN,232
187,DUSP1_timesweep,H,10000,75,NaN,9361,28757,NaN,NaN,1232.47698,1229.50589,46,153,NaN,NaN,NaN,NaN,256
188,DUSP1_timesweep,H,10000,75,NaN,8255,23852,NaN,NaN,1194.78413,1218.95204,83,210,8,NaN,NaN,NaN,248
189,DUSP1_timesweep,H,10000,75,NaN,8416,23316,NaN,NaN,1304.27971,1326.09324,60,183,NaN,NaN,NaN,NaN,271
190,DUSP1_timesweep,H,10000,75,NaN,9211,25583,NaN,NaN,1364.00901,1345.74292,108,277,NaN,NaN,NaN,NaN,284
193,DUSP1_timesweep,H,10000,75,NaN,7669,21174,NaN,NaN,1213.92255,1193.29494,90,154,NaN,NaN,NaN,NaN,252
195,DUSP1_timesweep,H,10000,75,NaN,9489,18969,NaN,NaN,1173.03625,1183.40851,102,273,NaN,NaN,NaN,NaN,244
196,DUSP1_timesweep,H,10000,75,NaN,7449,10245,NaN,NaN,1097.31897,1103.29546,36,40,NaN,NaN,NaN,NaN,228
197,DUSP1_timesweep,H,10000,75,NaN,8987,14268,NaN,NaN,1307.93591,1358.01262,96,225,NaN,NaN,NaN,NaN,272
199,DUSP1_timesweep,H,10000,75,NaN,7424,10991,NaN,NaN,1449.37029,1445.5439,165,251,NaN,NaN,NaN,NaN,301
200,DUSP1_timesweep,H,10000,75,NaN,8333,11853,NaN,NaN,1296.26113,1364.34903,85,179,NaN,NaN,NaN,NaN,269
201,DUSP1_timesweep,H,10000,75,NaN,7212,12981,NaN,NaN,1342.94786,1378.73061,69,174,NaN,NaN,NaN,NaN,279
202,DUSP1_timesweep,H,10000,75,NaN,7777,11114,NaN,NaN,1259.84621,1288.3348,40,76,NaN,NaN,NaN,NaN,262
203,DUSP1_timesweep,H,10000,75,NaN,7692,13870,NaN,NaN,1291.34178,1298.14571,59,134,NaN,NaN,NaN,NaN,268
204,DUSP1_timesweep,H,10000,75,NaN,7240,8438,NaN,NaN,1182.24917,1186.5589,31,62,NaN,NaN,NaN,NaN,246
205,DUSP1_timesweep,H,10000,75,NaN,9387,12743,NaN,NaN,1160.60104,1173.18277,77,122,NaN,NaN,NaN,NaN,241
209,DUSP1_timesweep,H,10000,75,NaN,7563,10325,NaN,NaN,983.73463,998.8954,46,69,NaN,NaN,NaN,NaN,205
210,DUSP1_timesweep,H,10000,75,NaN,7248,18937,NaN,NaN,1207.04001,1185.50705,9,38,NaN,NaN,NaN,NaN,251
211,DUSP1_timesweep,H,10000,75,NaN,7290,20794,NaN,NaN,1263.7904,1228.56103,63,123,NaN,NaN,NaN,NaN,263
213,DUSP1_timesweep,H,10000,75,NaN,9410,22245,NaN,NaN,1366.22561,1334.01146,144,229,NaN,NaN,NaN,NaN,284
214,DUSP1_timesweep,H,10000,75,NaN,7584,16915,NaN,NaN,1385.51965,1339.63665,107,169,NaN,NaN,NaN,NaN,288
215,DUSP1_timesweep,H,10000,75,NaN,9347,25997,NaN,NaN,1195.63293,1209.15717,42,182,NaN,NaN,NaN,NaN,249
219,DUSP1_timesweep,H,10000,75,NaN,7111,12577,NaN,NaN,1234.19955,1149.40908,59,62,NaN,NaN,NaN,NaN,257
221,DUSP1_timesweep,H,10000,75,NaN,8558,24025,NaN,NaN,1181.54242,1142.55039,18,49,NaN,NaN,NaN,NaN,246
223,DUSP1_timesweep,H,10000,75,NaN,7590,17287,NaN,NaN,1101.17708,1102.85793,43,135,NaN,NaN,NaN,NaN,229
224,DUSP1_timesweep,H,10000,75,NaN,8292,15383,NaN,NaN,1019.32164,999.27777,23,64,NaN,NaN,NaN,NaN,212
225,DUSP1_timesweep,H,10000,75,NaN,7603,17578,NaN,NaN,1250.52769,1212.85641,46,124,NaN,NaN,NaN,NaN,260
226,DUSP1_timesweep,H,10000,75,NaN,7721,14086,NaN,NaN,1257.85235,1223.64,56,96,NaN,NaN,NaN,NaN,262
228,DUSP1_timesweep,H,10000,75,NaN,8628,21664,NaN,NaN,1145.80772,1125.66797,63,111,NaN,NaN,NaN,NaN,238
229,DUSP1_timesweep,H,10000,75,NaN,8640,19749,NaN,NaN,1271.58877,1247.04977,43,92,NaN,NaN,NaN,NaN,264
233,DUSP1_timesweep,H,10000,75,NaN,9185,20711,NaN,NaN,1271.85455,1290.398,100,262,NaN,NaN,NaN,NaN,264
236,DUSP1_timesweep,H,10000,75,NaN,9038,21949,NaN,NaN,1204.04868,1172.41592,55,86,NaN,NaN,NaN,NaN,250
245,DUSP1_timesweep,H,10000,75,NaN,8530,19805,NaN,NaN,1188.38992,1206.52148,78,220,4,NaN,NaN,NaN,247
246,DUSP1_timesweep,H,10000,75,NaN,9172,26153,NaN,NaN,1221.71489,1250.25687,76,223,NaN,NaN,NaN,NaN,254
247,DUSP1_timesweep,H,10000,75,NaN,8767,23668,NaN,NaN,1288.74256,1295.12984,51,136,NaN,NaN,NaN,NaN,268
249,DUSP1_timesweep,H,10000,75,NaN,8172,17041,NaN,NaN,1070.04858,1099.44704,29,111,NaN,NaN,NaN,NaN,222
250,DUSP1_timesweep,H,10000,75,NaN,7894,18924,NaN,NaN,1234.72929,1182.89616,49,45,NaN,NaN,NaN,NaN,257
252,DUSP1_timesweep,H,10000,75,NaN,9141,18587,NaN,NaN,1134.404,1109.71927,33,64,NaN,NaN,NaN,NaN,236
254,DUSP1_timesweep,H,10000,75,NaN,7795,13128,NaN,NaN,1163.94035,1149.84362,52,114,NaN,NaN,NaN,NaN,242
255,DUSP1_timesweep,H,10000,75,NaN,8895,15303,NaN,NaN,1222.82968,1229.41743,35,93,4,NaN,NaN,NaN,254
256,DUSP1_timesweep,H,10000,75,NaN,8231,8139,NaN,NaN,1257.67987,1248.71704,18,25,NaN,NaN,NaN,NaN,261
257,DUSP1_timesweep,H,10000,75,NaN,9402,16665,NaN,NaN,1164.4081,1112.46367,32,71,5,NaN,NaN,NaN,242
258,DUSP1_timesweep,H,10000,75,NaN,8025,9239,NaN,NaN,1305.79153,1293.70754,26,30,NaN,NaN,NaN,NaN,271
260,DUSP1_timesweep,H,10000,75,NaN,7599,12223,NaN,NaN,1410.11778,1439.35499,146,257,5,4,4,NaN,293
261,DUSP1_timesweep,H,10000,75,NaN,7849,15336,NaN,NaN,1246.63779,1255.13824,38,90,NaN,NaN,NaN,NaN,259
262,DUSP1_timesweep,H,10000,75,NaN,6974,11925,NaN,NaN,1325.12274,1306.12579,54,62,NaN,NaN,NaN,NaN,275
263,DUSP1_timesweep,H,10000,75,NaN,9149,15950,NaN,NaN,1281.4395,1265.52232,63,88,NaN,NaN,NaN,NaN,266
264,DUSP1_timesweep,H,10000,75,NaN,7681,13918,NaN,NaN,1144.33615,1140.81786,19,60,NaN,NaN,NaN,NaN,238
265,DUSP1_timesweep,H,10000,75,NaN,7053,8685,NaN,NaN,1327.60939,1326.4418,92,126,NaN,NaN,NaN,NaN,276
267,DUSP1_timesweep,H,10000,75,NaN,9240,16688,NaN,NaN,1177.50281,1217.61541,116,264,NaN,NaN,NaN,NaN,245
268,DUSP1_timesweep,H,10000,75,NaN,9115,17197,NaN,NaN,1090.72693,1036.6825,76,94,NaN,NaN,NaN,NaN,227
269,DUSP1_timesweep,H,10000,75,NaN,8708,24150,NaN,NaN,1192.59566,1211.06166,116,358,NaN,NaN,NaN,NaN,248
271,DUSP1_timesweep,H,10000,75,NaN,8542,26134,NaN,NaN,1225.559,1186.16519,156,295,NaN,NaN,NaN,NaN,255
272,DUSP1_timesweep,H,10000,75,NaN,9315,16354,NaN,NaN,1307.45819,1315.92185,83,158,NaN,NaN,NaN,NaN,272
273,DUSP1_timesweep,H,10000,75,NaN,7673,21558,NaN,NaN,1308.28112,1263.89994,84,167,NaN,NaN,NaN,NaN,272
274,DUSP1_timesweep,H,10000,75,NaN,8197,32430,NaN,NaN,1323.35501,1338.98979,46,285,NaN,NaN,NaN,NaN,275
275,DUSP1_timesweep,H,10000,75,NaN,8752,21465,NaN,NaN,1227.5064,1206.65227,37,106,4,NaN,NaN,NaN,255
276,DUSP1_timesweep,H,10000,75,NaN,7789,19466,NaN,NaN,1255.82873,1254.58019,34,99,NaN,NaN,NaN,NaN,261
277,DUSP1_timesweep,H,10000,75,NaN,9318,22528,NaN,NaN,1158.72505,1162.88623,82,144,NaN,NaN,NaN,NaN,241
280,DUSP1_timesweep,H,10000,75,NaN,9077,18895,NaN,NaN,1233.10763,1239.86446,79,210,4,NaN,NaN,NaN,256
282,DUSP1_timesweep,H,10000,75,NaN,8563,17659,NaN,NaN,1269.82821,1274.3319,50,118,NaN,NaN,NaN,NaN,264
284,DUSP1_timesweep,H,10000,75,NaN,8279,22299,NaN,NaN,1312.49909,1306.92932,54,153,5,NaN,NaN,NaN,273
285,DUSP1_timesweep,H,10000,75,NaN,7954,13325,NaN,NaN,1195.9653,1213.68248,105,161,NaN,NaN,NaN,NaN,249
287,DUSP1_timesweep,H,10000,75,NaN,9165,15543,NaN,NaN,1313.98996,1337.02265,79,181,NaN,NaN,NaN,NaN,273
288,DUSP1_timesweep,H,10000,75,NaN,7738,20146,NaN,NaN,1212.73133,1215.71677,75,216,NaN,NaN,NaN,NaN,252
289,DUSP1_timesweep,H,10000,75,NaN,7660,16480,NaN,NaN,1135.71084,1071.76341,86,112,NaN,NaN,NaN,NaN,236
290,DUSP1_timesweep,H,10000,75,NaN,7346,18856,NaN,NaN,1260.89763,1211.00997,30,97,NaN,NaN,NaN,NaN,262
291,DUSP1_timesweep,H,10000,75,NaN,7914,18949,NaN,NaN,1191.12813,1176.88807,101,144,NaN,NaN,NaN,NaN,248
292,DUSP1_timesweep,H,10000,75,NaN,8158,20891,NaN,NaN,1080.33562,1065.2008,47,155,NaN,NaN,NaN,NaN,225
293,DUSP1_timesweep,H,10000,75,NaN,7804,16898,NaN,NaN,1118.28908,1109.71032,22,46,NaN,NaN,NaN,NaN,232
297,DUSP1_timesweep,H,10000,75,NaN,7147,9939,NaN,NaN,1199.08381,1235.05252,63,104,NaN,NaN,NaN,NaN,249
298,DUSP1_timesweep,H,10000,75,NaN,7399,6603,NaN,NaN,1201.25733,1209.30532,89,66,NaN,NaN,NaN,NaN,250
306,DUSP1_timesweep,H,10000,75,NaN,9254,7676,NaN,NaN,1323.98984,1324.85057,117,81,NaN,NaN,NaN,NaN,275
309,DUSP1_timesweep,H,10000,75,NaN,7748,15813,NaN,NaN,1277.78575,1254.31854,51,121,NaN,NaN,NaN,NaN,266
310,DUSP1_timesweep,H,10000,75,NaN,7772,10224,NaN,NaN,1285.18631,1321.4956,85,169,NaN,NaN,NaN,NaN,267
311,DUSP1_timesweep,H,10000,75,NaN,7581,9975,NaN,NaN,1150.5341,1179.02586,64,119,NaN,NaN,NaN,NaN,239
319,DUSP1_timesweep,H,10000,75,NaN,9556,19698,NaN,NaN,1380.25094,1379.56265,132,280,5,NaN,NaN,NaN,287
322,DUSP1_timesweep,H,10000,75,NaN,8437,17749,NaN,NaN,1275.60507,1281.67012,41,101,NaN,NaN,NaN,NaN,265
323,DUSP1_timesweep,H,10000,75,NaN,8087,10295,NaN,NaN,1197.84073,1226.21952,50,71,NaN,NaN,NaN,NaN,249
325,DUSP1_timesweep,H,10000,75,NaN,7221,14115,NaN,NaN,1230.39413,1207.80368,47,73,NaN,NaN,NaN,NaN,256
333,DUSP1_timesweep,H,10000,75,NaN,7226,20060,NaN,NaN,1208.79698,1218.10798,57,153,NaN,NaN,NaN,NaN,251
334,DUSP1_timesweep,H,10000,75,NaN,8967,29618,NaN,NaN,1114.56295,1123.70298,64,226,NaN,NaN,NaN,NaN,232
335,DUSP1_timesweep,H,10000,75,NaN,8885,19862,NaN,NaN,1409.61891,1417.90212,161,381,NaN,NaN,NaN,NaN,293
337,DUSP1_timesweep,H,10000,75,NaN,7261,15426,NaN,NaN,1361.51632,1388.43388,101,242,4,NaN,NaN,NaN,283
338,DUSP1_timesweep,H,10000,75,NaN,8537,15544,NaN,NaN,1286.92866,1277.45902,118,188,NaN,NaN,NaN,NaN,268
340,DUSP1_timesweep,H,10000,75,NaN,7334,14796,NaN,NaN,1374.76343,1426.56083,130,292,7,NaN,NaN,NaN,286
341,DUSP1_timesweep,H,10000,75,NaN,8441,26043,NaN,NaN,1189.27734,1156.36973,64,165,NaN,NaN,NaN,NaN,247
342,DUSP1_timesweep,H,10000,75,NaN,8178,13027,NaN,NaN,1247.66337,1239.92247,37,74,NaN,NaN,NaN,NaN,259
343,DUSP1_timesweep,H,10000,75,NaN,8392,21864,NaN,NaN,1209.7164,1176.32675,41,71,NaN,NaN,NaN,NaN,252
345,DUSP1_timesweep,H,10000,75,NaN,8539,28731,NaN,NaN,1041.23961,1042.58157,41,123,NaN,NaN,NaN,NaN,216
347,DUSP1_timesweep,H,10000,75,NaN,8688,25061,NaN,NaN,1108.55099,1105.28897,34,116,NaN,NaN,NaN,NaN,230
348,DUSP1_timesweep,H,10000,75,NaN,8074,18752,NaN,NaN,1161.9247,1156.9607,34,114,4,NaN,NaN,NaN,242
349,DUSP1_timesweep,H,10000,75,NaN,9328,20369,NaN,NaN,1081.33544,1089.51377,123,233,4,NaN,NaN,NaN,225
351,DUSP1_timesweep,H,10000,75,NaN,9309,22301,NaN,NaN,1210.72403,1193.8879,33,79,NaN,NaN,NaN,NaN,252
355,DUSP1_timesweep,H,10000,75,NaN,9145,11978,NaN,NaN,1323.44833,1327.27592,64,108,NaN,NaN,NaN,NaN,275
357,DUSP1_timesweep,H,10000,75,NaN,7896,17659,NaN,NaN,1238.02216,1228.46209,30,94,NaN,NaN,NaN,NaN,257
358,DUSP1_timesweep,H,10000,75,NaN,7592,16711,NaN,NaN,1243.92505,1233.74454,45,90,NaN,NaN,NaN,NaN,259
362,DUSP1_timesweep,H,10000,75,NaN,8418,16843,NaN,NaN,1263.94381,1287.57609,118,275,5,NaN,NaN,NaN,263
365,DUSP1_timesweep,H,10000,75,NaN,9399,16366,NaN,NaN,1299.51048,1287.29335,63,110,NaN,NaN,NaN,NaN,270
366,DUSP1_timesweep,H,10000,75,NaN,8101,15647,NaN,NaN,1359.23787,1347.66824,61,109,NaN,NaN,NaN,NaN,283
367,DUSP1_timesweep,H,10000,75,NaN,7414,10038,NaN,NaN,1341.51484,1357.43764,92,121,6,NaN,NaN,NaN,279
369,DUSP1_timesweep,H,10000,75,NaN,9067,16243,NaN,NaN,1409.69174,1474.60007,143,376,7,NaN,NaN,NaN,293
372,DUSP1_timesweep,H,10000,75,NaN,7751,8539,NaN,NaN,1202.47942,1208.15201,68,79,4,NaN,NaN,NaN,250
373,DUSP1_timesweep,H,10000,75,NaN,7743,9945,NaN,NaN,1148.61694,1184.99708,39,100,NaN,NaN,NaN,NaN,239
381,DUSP1_timesweep,H,10000,75,NaN,8327,16271,NaN,NaN,1287.30299,1304.7372,33,126,NaN,NaN,NaN,NaN,268
384,DUSP1_timesweep,H,10000,75,NaN,8411,18750,NaN,NaN,1318.86898,1304.74064,48,126,NaN,NaN,NaN,NaN,274
385,DUSP1_timesweep,H,10000,75,NaN,8892,19613,NaN,NaN,1246.49089,1208.20262,31,78,NaN,NaN,NaN,NaN,259
387,DUSP1_timesweep,H,10000,75,NaN,7835,12519,NaN,NaN,1091.6208,1051.67202,33,55,NaN,NaN,NaN,NaN,227
388,DUSP1_timesweep,H,10000,75,NaN,7460,11701,NaN,NaN,1114.00952,1098.5373,15,34,NaN,NaN,NaN,NaN,232
389,DUSP1_timesweep,H,10000,75,NaN,9037,18318,NaN,NaN,1265.95795,1248.38361,154,257,NaN,NaN,NaN,NaN,263
390,DUSP1_timesweep,H,10000,75,NaN,8058,17674,NaN,NaN,1217.73976,1188.34056,83,141,NaN,NaN,NaN,NaN,253
391,DUSP1_timesweep,H,10000,75,NaN,8554,23145,NaN,NaN,1384.84943,1328.13601,145,276,5,NaN,NaN,NaN,288
392,DUSP1_timesweep,H,10000,75,NaN,7766,15372,NaN,NaN,1353.4924,1362.09602,119,212,NaN,NaN,NaN,NaN,281
397,DUSP1_timesweep,H,10000,75,NaN,8895,19415,NaN,NaN,1438.20281,1467.12959,149,366,NaN,NaN,NaN,NaN,299
398,DUSP1_timesweep,H,10000,75,NaN,9467,27212,NaN,NaN,1439.67202,1402.23651,154,376,7,4,NaN,NaN,299
401,DUSP1_timesweep,H,10000,75,NaN,8424,16602,NaN,NaN,1401.31149,1410.39923,152,313,4,NaN,NaN,NaN,291
403,DUSP1_timesweep,H,10000,75,NaN,7814,18691,NaN,NaN,1202.53135,1174.9802,84,168,NaN,NaN,NaN,NaN,250
404,DUSP1_timesweep,H,10000,75,NaN,7808,13135,NaN,NaN,1086.17725,1067.08428,30,33,NaN,NaN,NaN,NaN,226
405,DUSP1_timesweep,H,10000,75,NaN,9334,25535,NaN,NaN,1164.6517,1153.11518,92,234,NaN,NaN,NaN,NaN,242
407,DUSP1_timesweep,H,10000,75,NaN,8209,23664,NaN,NaN,1223.59447,1200.96755,54,126,NaN,NaN,NaN,NaN,254
408,DUSP1_timesweep,H,10000,75,NaN,9329,20633,NaN,NaN,1370.90588,1390.30955,86,285,NaN,NaN,NaN,NaN,285
409,DUSP1_timesweep,H,10000,75,NaN,9264,23064,NaN,NaN,1385.73478,1350.1227,107,216,4,NaN,NaN,NaN,288
410,DUSP1_timesweep,H,10000,75,NaN,8836,25319,NaN,NaN,1189.06451,1169.04854,35,99,4,NaN,NaN,NaN,247
412,DUSP1_timesweep,H,10000,75,NaN,9268,24123,NaN,NaN,1372.48425,1312.06189,142,224,4,NaN,NaN,NaN,285
416,DUSP1_timesweep,H,10000,75,NaN,8835,23257,NaN,NaN,1138.34194,1112.20845,71,125,4,NaN,NaN,NaN,237
420,DUSP1_timesweep,H,10000,75,NaN,8669,15126,NaN,NaN,1316.83112,1306.90262,76,195,NaN,NaN,NaN,NaN,274
421,DUSP1_timesweep,H,10000,75,NaN,7271,16066,NaN,NaN,1274.46032,1252.11478,37,127,NaN,NaN,NaN,NaN,265
422,DUSP1_timesweep,H,10000,75,NaN,9198,17309,NaN,NaN,1249.95434,1228.33046,68,137,NaN,NaN,NaN,NaN,260
424,DUSP1_timesweep,H,10000,75,NaN,8266,17698,NaN,NaN,1255.20518,1201.99452,45,73,NaN,NaN,NaN,NaN,261
426,DUSP1_timesweep,H,10000,75,NaN,8469,15766,NaN,NaN,1362.56311,1351.21902,78,164,NaN,NaN,NaN,NaN,283
428,DUSP1_timesweep,H,10000,75,NaN,9093,21476,NaN,NaN,1296.27703,1266.72309,77,194,NaN,NaN,NaN,NaN,269
429,DUSP1_timesweep,H,10000,75,NaN,8834,17858,NaN,NaN,1137.42133,1110.25759,42,71,NaN,NaN,NaN,NaN,236
430,DUSP1_timesweep,H,10000,75,NaN,8908,21293,NaN,NaN,1226.47856,1168.0263,41,93,4,NaN,NaN,NaN,255
431,DUSP1_timesweep,H,10000,75,NaN,8303,22945,NaN,NaN,1199.61014,1175.63347,55,112,NaN,NaN,NaN,NaN,249
434,DUSP1_timesweep,H,10000,75,NaN,7198,21126,NaN,NaN,1366.89914,1300.23668,78,151,NaN,NaN,NaN,NaN,284
437,DUSP1_timesweep,H,10000,75,NaN,7891,17610,NaN,NaN,1368.20048,1372.6657,106,181,NaN,NaN,NaN,NaN,284
438,DUSP1_timesweep,H,10000,75,NaN,8197,15801,NaN,NaN,1390.75711,1365.61768,75,138,NaN,NaN,NaN,NaN,289
439,DUSP1_timesweep,H,10000,75,NaN,7429,18109,NaN,NaN,1380.47261,1331.35579,63,134,NaN,NaN,NaN,NaN,287
440,DUSP1_timesweep,H,10000,75,NaN,7014,14902,NaN,NaN,1322.74665,1336.44249,83,257,NaN,NaN,NaN,NaN,275
441,DUSP1_timesweep,H,10000,75,NaN,7672,13740,NaN,NaN,1273.58551,1238.5401,33,59,NaN,NaN,NaN,NaN,265
0,DUSP1_timesweep,I,10000,75,NaN,7995,9645,NaN,NaN,1381.39837,1452.87403,140,165,NaN,NaN,NaN,NaN,287
3,DUSP1_timesweep,I,10000,75,NaN,8513,23839,NaN,NaN,1382.01222,1359.31994,88,181,NaN,NaN,NaN,NaN,287
6,DUSP1_timesweep,I,10000,75,NaN,8549,32406,NaN,NaN,1327.92666,1295.57412,66,179,NaN,NaN,NaN,NaN,276
12,DUSP1_timesweep,I,10000,75,NaN,9365,18346,NaN,NaN,1477.22766,1430.48016,176,272,4,NaN,NaN,NaN,307
13,DUSP1_timesweep,I,10000,75,NaN,8604,16331,NaN,NaN,1316.62878,1296.1551,68,110,NaN,NaN,NaN,NaN,274
14,DUSP1_timesweep,I,10000,75,NaN,8320,13678,NaN,NaN,1399.03894,1389.3763,78,93,NaN,NaN,NaN,NaN,291
17,DUSP1_timesweep,I,10000,75,NaN,9323,16039,NaN,NaN,1438.80993,1381.31218,126,163,6,NaN,NaN,NaN,299
18,DUSP1_timesweep,I,10000,75,NaN,8583,20837,NaN,NaN,1401.93825,1294.88775,142,210,NaN,NaN,NaN,NaN,291
19,DUSP1_timesweep,I,10000,75,NaN,9380,14831,NaN,NaN,1198.06013,1206.57724,66,144,NaN,NaN,NaN,NaN,249
20,DUSP1_timesweep,I,10000,75,NaN,7080,20943,NaN,NaN,1089.4096,1137.68997,27,135,NaN,NaN,NaN,NaN,226
21,DUSP1_timesweep,I,10000,75,NaN,7959,16422,NaN,NaN,1030.1955,1010.73079,35,87,NaN,NaN,NaN,NaN,214
23,DUSP1_timesweep,I,10000,75,NaN,8599,13654,NaN,NaN,1314.8494,1312.00798,57,96,5,NaN,NaN,NaN,273
24,DUSP1_timesweep,I,10000,75,NaN,7999,15373,NaN,NaN,1416.87261,1344.78371,80,112,NaN,NaN,NaN,NaN,295
25,DUSP1_timesweep,I,10000,75,NaN,8350,15783,NaN,NaN,1243.57629,1245.71685,99,172,5,NaN,NaN,NaN,259
26,DUSP1_timesweep,I,10000,75,NaN,8769,20579,NaN,NaN,1326.7482,1327.39186,35,99,NaN,NaN,NaN,NaN,276
27,DUSP1_timesweep,I,10000,75,NaN,8909,14344,NaN,NaN,1377.66427,1362.05891,47,71,NaN,NaN,NaN,NaN,286
29,DUSP1_timesweep,I,10000,75,NaN,8335,16010,NaN,NaN,1268.68818,1170.20356,82,58,NaN,NaN,NaN,NaN,264
31,DUSP1_timesweep,I,10000,75,NaN,7880,16750,NaN,NaN,1294.96777,1258.5443,98,156,NaN,NaN,NaN,NaN,269
32,DUSP1_timesweep,I,10000,75,NaN,8785,14111,NaN,NaN,1428.08913,1402.95514,119,181,NaN,NaN,NaN,NaN,297
33,DUSP1_timesweep,I,10000,75,NaN,8749,18059,NaN,NaN,1112.37136,1114.94158,84,191,NaN,NaN,NaN,NaN,231
36,DUSP1_timesweep,I,10000,75,NaN,7758,11521,NaN,NaN,1168.03158,1190.17707,57,104,NaN,NaN,NaN,NaN,243
37,DUSP1_timesweep,I,10000,75,NaN,9335,14331,NaN,NaN,1053.54644,1032.80636,81,132,NaN,NaN,NaN,NaN,219
38,DUSP1_timesweep,I,10000,75,NaN,9068,24152,NaN,NaN,1397.13983,1346.96058,92,233,5,NaN,NaN,NaN,290
40,DUSP1_timesweep,I,10000,75,NaN,7162,21384,NaN,NaN,1292.15959,1231.8923,63,207,8,5,NaN,NaN,269
41,DUSP1_timesweep,I,10000,75,NaN,7859,13273,NaN,NaN,1405.9729,1414.60958,113,158,NaN,NaN,NaN,NaN,292
42,DUSP1_timesweep,I,10000,75,NaN,8474,20028,NaN,NaN,1539.13701,1522.87298,142,285,4,NaN,NaN,NaN,320
45,DUSP1_timesweep,I,10000,75,NaN,7525,18931,NaN,NaN,1400.16027,1362.78617,110,232,6,NaN,NaN,NaN,291
46,DUSP1_timesweep,I,10000,75,NaN,7174,17163,NaN,NaN,1562.28938,1552.2908,159,314,NaN,NaN,NaN,NaN,325
47,DUSP1_timesweep,I,10000,75,NaN,8221,23927,NaN,NaN,1345.76742,1318.12776,91,204,4,NaN,NaN,NaN,280
48,DUSP1_timesweep,I,10000,75,NaN,7408,14196,NaN,NaN,1335.95599,1317.35531,25,64,NaN,NaN,NaN,NaN,278
50,DUSP1_timesweep,I,10000,75,NaN,8979,17803,NaN,NaN,1258.45929,1194.94158,92,137,NaN,NaN,NaN,NaN,262
51,DUSP1_timesweep,I,10000,75,NaN,8797,25004,NaN,NaN,1064.45561,1035.59626,24,85,NaN,NaN,NaN,NaN,221
52,DUSP1_timesweep,I,10000,75,NaN,9394,18479,NaN,NaN,1082.63221,1055.15515,35,58,NaN,NaN,NaN,NaN,225
54,DUSP1_timesweep,I,10000,75,NaN,7909,14551,NaN,NaN,1362.04666,1464.72236,77,233,NaN,NaN,NaN,NaN,283
56,DUSP1_timesweep,I,10000,75,NaN,7326,12502,NaN,NaN,1542.19506,1529.70821,105,186,6,NaN,NaN,NaN,321
57,DUSP1_timesweep,I,10000,75,NaN,8799,19745,NaN,NaN,1686.70565,1557.89602,225,325,8,7,5,NaN,351
58,DUSP1_timesweep,I,10000,75,NaN,8010,15466,NaN,NaN,1263.88602,1312.79613,35,126,NaN,NaN,NaN,NaN,263
59,DUSP1_timesweep,I,10000,75,NaN,8996,17632,NaN,NaN,1371.28257,1375.2817,60,148,NaN,NaN,NaN,NaN,285
65,DUSP1_timesweep,I,10000,75,NaN,8694,20923,NaN,NaN,1446.843,1365.9383,99,168,NaN,NaN,NaN,NaN,301
67,DUSP1_timesweep,I,10000,75,NaN,7504,21585,NaN,NaN,1358.5653,1300.0183,65,147,NaN,NaN,NaN,NaN,282
68,DUSP1_timesweep,I,10000,75,NaN,8096,16630,NaN,NaN,1480.64859,1496.29874,103,246,NaN,NaN,NaN,NaN,308
69,DUSP1_timesweep,I,10000,75,NaN,8587,25229,NaN,NaN,1550.81379,1445.45797,162,338,8,NaN,NaN,NaN,322
71,DUSP1_timesweep,I,10000,75,NaN,9459,23614,NaN,NaN,1454.60249,1373.28432,183,318,NaN,NaN,NaN,NaN,302
72,DUSP1_timesweep,I,10000,75,NaN,8385,25114,NaN,NaN,1359.96029,1272.41105,124,244,6,4,NaN,NaN,283
79,DUSP1_timesweep,I,10000,75,NaN,7625,22559,NaN,NaN,1510.59016,1447.36376,96,222,NaN,NaN,NaN,NaN,314
84,DUSP1_timesweep,I,10000,75,NaN,6960,20617,NaN,NaN,1490.58664,1439.22263,128,344,7,NaN,NaN,NaN,310
85,DUSP1_timesweep,I,10000,75,NaN,8276,14059,NaN,NaN,1130.59074,1110.74109,29,72,NaN,NaN,NaN,NaN,235
86,DUSP1_timesweep,I,10000,75,NaN,8415,26161,NaN,NaN,1244.18907,1168.03456,86,113,4,NaN,NaN,NaN,259
92,DUSP1_timesweep,I,10000,75,NaN,9432,22553,NaN,NaN,1540.99279,1500.89416,182,298,NaN,NaN,NaN,NaN,320
93,DUSP1_timesweep,I,10000,75,NaN,9242,20812,NaN,NaN,1543.46646,1450.10057,159,243,NaN,NaN,NaN,NaN,321
94,DUSP1_timesweep,I,10000,75,NaN,8742,20254,NaN,NaN,1371.14848,1391.18071,114,207,NaN,NaN,NaN,NaN,285
95,DUSP1_timesweep,I,10000,75,NaN,9190,19700,NaN,NaN,1120.34211,1161.51924,58,169,NaN,NaN,NaN,NaN,233
96,DUSP1_timesweep,I,10000,75,NaN,8734,29409,NaN,NaN,1332.33799,1226.66701,165,277,NaN,NaN,NaN,NaN,277
97,DUSP1_timesweep,I,10000,75,NaN,8182,17322,NaN,NaN,1170.44317,1149.54566,38,96,NaN,NaN,NaN,NaN,243
98,DUSP1_timesweep,I,10000,75,NaN,8244,19622,NaN,NaN,1046.84279,1008.57456,40,93,NaN,NaN,NaN,NaN,218
100,DUSP1_timesweep,I,10000,75,NaN,8118,18853,NaN,NaN,1532.34331,1461.59545,152,296,8,NaN,NaN,NaN,319
102,DUSP1_timesweep,I,10000,75,NaN,8568,14944,NaN,NaN,1436.19841,1446.40679,66,140,NaN,NaN,NaN,NaN,299
103,DUSP1_timesweep,I,10000,75,NaN,8418,7732,NaN,NaN,1483.38144,1505.87623,106,115,6,NaN,NaN,NaN,308
105,DUSP1_timesweep,I,10000,75,NaN,7593,19314,NaN,NaN,1312.40998,1236.37253,76,118,NaN,NaN,NaN,NaN,273
106,DUSP1_timesweep,I,10000,75,NaN,8942,20139,NaN,NaN,1333.72344,1293.80103,44,93,NaN,NaN,NaN,NaN,277
107,DUSP1_timesweep,I,10000,75,NaN,9051,23114,NaN,NaN,1448.26539,1392.19235,188,338,6,NaN,NaN,NaN,301
108,DUSP1_timesweep,I,10000,75,NaN,9114,26569,NaN,NaN,1121.8837,1121.75419,49,184,NaN,NaN,NaN,NaN,233
109,DUSP1_timesweep,I,10000,75,NaN,8563,18579,NaN,NaN,1450.53755,1334.04311,115,183,41,NaN,NaN,NaN,302
110,DUSP1_timesweep,I,10000,75,NaN,7458,15031,NaN,NaN,1345.25878,1348.78185,74,199,5,NaN,NaN,NaN,280
111,DUSP1_timesweep,I,10000,75,NaN,8809,23220,NaN,NaN,1414.60381,1365.89229,84,173,NaN,NaN,NaN,NaN,294
112,DUSP1_timesweep,I,10000,75,NaN,8089,9642,NaN,NaN,1439.05773,1385.25451,95,73,4,NaN,NaN,NaN,299
113,DUSP1_timesweep,I,10000,75,NaN,7877,13396,NaN,NaN,1374.74165,1333.96775,72,106,NaN,NaN,NaN,NaN,286
114,DUSP1_timesweep,I,10000,75,NaN,7802,17224,NaN,NaN,1494.96065,1475.15293,142,290,6,NaN,NaN,NaN,311
115,DUSP1_timesweep,I,10000,75,NaN,8494,18981,NaN,NaN,1179.74829,1233.39039,111,300,NaN,NaN,NaN,NaN,245
116,DUSP1_timesweep,I,10000,75,NaN,7802,8644,NaN,NaN,1463.95168,1386.47281,140,117,NaN,NaN,NaN,NaN,304
117,DUSP1_timesweep,I,10000,75,NaN,7280,13841,NaN,NaN,1461.00893,1318.41471,113,111,7,4,NaN,NaN,304
118,DUSP1_timesweep,I,10000,75,NaN,9309,10014,NaN,NaN,1364.61962,1388.66447,158,179,NaN,NaN,NaN,NaN,284
120,DUSP1_timesweep,I,10000,75,NaN,9231,20522,NaN,NaN,1128.2497,1107.90201,75,149,NaN,NaN,NaN,NaN,235
125,DUSP1_timesweep,I,10000,75,NaN,9126,18717,NaN,NaN,1420.20447,1398.41807,134,262,NaN,NaN,NaN,NaN,295
126,DUSP1_timesweep,I,10000,75,NaN,7031,11129,NaN,NaN,1629.26611,1582.93881,176,228,4,NaN,NaN,NaN,339
127,DUSP1_timesweep,I,10000,75,NaN,8260,12530,NaN,NaN,1365.54673,1332.37071,82,93,NaN,NaN,NaN,NaN,284
128,DUSP1_timesweep,I,10000,75,NaN,7555,13513,NaN,NaN,1182.3996,1168.05121,20,52,NaN,NaN,NaN,NaN,246
129,DUSP1_timesweep,I,10000,75,NaN,8892,16582,NaN,NaN,1511.40171,1437.56489,125,175,NaN,NaN,NaN,NaN,314
130,DUSP1_timesweep,I,10000,75,NaN,8180,13090,NaN,NaN,1577.40758,1497.0932,140,171,5,4,NaN,NaN,328
131,DUSP1_timesweep,I,10000,75,NaN,7192,8767,NaN,NaN,1906.80812,1626.33158,442,230,5,NaN,NaN,NaN,396
132,DUSP1_timesweep,I,10000,75,NaN,8533,16712,NaN,NaN,1321.03235,1271.46954,109,166,NaN,NaN,NaN,NaN,275
133,DUSP1_timesweep,I,10000,75,NaN,7936,21651,NaN,NaN,1415.38596,1353.68034,66,115,NaN,NaN,NaN,NaN,294
134,DUSP1_timesweep,I,10000,75,NaN,7991,13551,NaN,NaN,1390.87298,1357.31791,81,107,NaN,NaN,NaN,NaN,289
135,DUSP1_timesweep,I,10000,75,NaN,9095,17745,NaN,NaN,1217.17966,1169.88943,97,111,NaN,NaN,NaN,NaN,253
136,DUSP1_timesweep,I,10000,75,NaN,7217,9449,NaN,NaN,1356.53471,1361.99291,61,83,NaN,NaN,NaN,NaN,282
140,DUSP1_timesweep,I,10000,75,NaN,8848,19562,NaN,NaN,1116.57787,1080.73121,41,74,NaN,NaN,NaN,NaN,232
141,DUSP1_timesweep,I,10000,75,NaN,8868,12078,NaN,NaN,989.71809,985.46324,18,35,NaN,NaN,NaN,NaN,206
146,DUSP1_timesweep,I,10000,75,NaN,7092,7625,NaN,NaN,1416.94374,1371.72446,71,54,NaN,NaN,NaN,NaN,295
147,DUSP1_timesweep,I,10000,75,NaN,7613,16803,NaN,NaN,1380.45186,1370.91144,65,94,4,NaN,NaN,NaN,287
149,DUSP1_timesweep,I,10000,75,NaN,7393,16335,NaN,NaN,1343.03909,1285.59522,70,82,NaN,NaN,NaN,NaN,279
151,DUSP1_timesweep,I,10000,75,NaN,8157,18387,NaN,NaN,1395.01471,1325.5586,68,130,4,NaN,NaN,NaN,290
155,DUSP1_timesweep,I,10000,75,NaN,8295,8057,NaN,NaN,1056.62061,1057.93136,16,34,NaN,NaN,NaN,NaN,220
158,DUSP1_timesweep,I,10000,75,NaN,9354,21848,NaN,NaN,1461.65469,1398.84291,99,220,NaN,NaN,NaN,NaN,304
160,DUSP1_timesweep,I,10000,75,NaN,7957,16083,NaN,NaN,1247.6045,1230.94329,71,126,NaN,NaN,NaN,NaN,259
161,DUSP1_timesweep,I,10000,75,NaN,8263,24645,NaN,NaN,1314.62181,1210.44885,109,203,7,NaN,NaN,NaN,273
162,DUSP1_timesweep,I,10000,75,NaN,7239,11280,NaN,NaN,1398.99586,1366.81401,60,105,NaN,NaN,NaN,NaN,291
164,DUSP1_timesweep,I,10000,75,NaN,7790,23352,NaN,NaN,1169.60565,1128.19788,72,198,NaN,NaN,NaN,NaN,243
165,DUSP1_timesweep,I,10000,75,NaN,7349,22807,NaN,NaN,1083.15948,1037.12913,19,46,NaN,NaN,NaN,NaN,225
169,DUSP1_timesweep,I,10000,75,NaN,8996,35288,NaN,NaN,1250.75411,1193.91465,99,238,4,NaN,NaN,NaN,260
170,DUSP1_timesweep,I,10000,75,NaN,9255,22555,NaN,NaN,1433.25359,1478.77105,157,373,NaN,NaN,NaN,NaN,298
172,DUSP1_timesweep,I,10000,75,NaN,9137,15895,NaN,NaN,1494.67823,1556.30053,179,280,NaN,NaN,NaN,NaN,311
174,DUSP1_timesweep,I,10000,75,NaN,8436,23119,NaN,NaN,1324.5761,1304.36368,82,238,NaN,NaN,NaN,NaN,275
177,DUSP1_timesweep,I,10000,75,NaN,7545,15126,NaN,NaN,1222.33121,1164.71949,96,115,NaN,NaN,NaN,NaN,254
180,DUSP1_timesweep,I,10000,75,NaN,7762,19837,NaN,NaN,1310.79657,1333.10596,84,250,4,NaN,NaN,NaN,273
182,DUSP1_timesweep,I,10000,75,NaN,7974,14067,NaN,NaN,1581.08603,1484.52456,160,180,4,NaN,NaN,NaN,329
183,DUSP1_timesweep,I,10000,75,NaN,8367,18784,NaN,NaN,1440.04482,1385.14044,180,389,8,5,4,NaN,299
184,DUSP1_timesweep,I,10000,75,NaN,8012,14784,NaN,NaN,1589.11857,1597.36357,222,367,10,5,NaN,NaN,330
185,DUSP1_timesweep,I,10000,75,NaN,7578,15926,NaN,NaN,1302.68475,1286.92132,71,105,NaN,NaN,NaN,NaN,271
195,DUSP1_timesweep,I,10000,75,NaN,8491,13544,NaN,NaN,1128.34754,1153.80626,59,149,NaN,NaN,NaN,NaN,235
196,DUSP1_timesweep,I,10000,75,NaN,7675,20619,NaN,NaN,1440.11414,1439.34134,159,407,10,4,NaN,NaN,299
198,DUSP1_timesweep,I,10000,75,NaN,7427,19584,NaN,NaN,1267.17813,1261.82705,50,108,NaN,NaN,NaN,NaN,263
202,DUSP1_timesweep,I,10000,75,NaN,8352,15793,NaN,NaN,1366.91415,1315.18907,57,65,NaN,NaN,NaN,NaN,284
205,DUSP1_timesweep,I,10000,75,NaN,9085,22872,NaN,NaN,1167.06131,1126.07424,24,74,NaN,NaN,NaN,NaN,243
207,DUSP1_timesweep,I,10000,75,NaN,9182,19221,NaN,NaN,1133.13886,1135.42245,54,91,NaN,NaN,NaN,NaN,236
210,DUSP1_timesweep,I,10000,75,NaN,7772,25255,NaN,NaN,1269.87558,1246.75609,39,110,4,NaN,NaN,NaN,264
211,DUSP1_timesweep,I,10000,75,NaN,7570,29053,NaN,NaN,1492.60053,1462.87915,96,357,NaN,NaN,NaN,NaN,310
212,DUSP1_timesweep,I,10000,75,NaN,8455,32702,NaN,NaN,1213.80461,1174.72626,30,102,6,NaN,NaN,NaN,252
214,DUSP1_timesweep,I,10000,75,NaN,7367,15082,NaN,NaN,1414.1728,1404.27397,70,141,4,NaN,NaN,NaN,294
220,DUSP1_timesweep,I,10000,75,NaN,8259,14631,NaN,NaN,1253.62041,1311.3684,63,161,4,NaN,NaN,NaN,261
223,DUSP1_timesweep,I,10000,75,NaN,7961,19665,NaN,NaN,1630.59754,1431.38891,225,246,4,NaN,NaN,NaN,339
225,DUSP1_timesweep,I,10000,75,NaN,7610,16385,NaN,NaN,1443.16544,1366.61941,147,215,12,6,NaN,NaN,300
226,DUSP1_timesweep,I,10000,75,NaN,8362,17811,NaN,NaN,1407.21275,1403.98523,58,166,NaN,NaN,NaN,NaN,293
227,DUSP1_timesweep,I,10000,75,NaN,9214,19125,NaN,NaN,1417.03766,1380.16241,101,173,4,NaN,NaN,NaN,295
228,DUSP1_timesweep,I,10000,75,NaN,8527,13481,NaN,NaN,1214.17357,1211.44477,87,150,NaN,NaN,NaN,NaN,252
230,DUSP1_timesweep,I,10000,75,NaN,7727,18456,NaN,NaN,1203.79306,1219.72085,35,65,NaN,NaN,NaN,NaN,250
233,DUSP1_timesweep,I,10000,75,NaN,9151,20727,NaN,NaN,1053.32335,1057.66252,12,49,NaN,NaN,NaN,NaN,219
238,DUSP1_timesweep,I,10000,75,NaN,9536,27036,NaN,NaN,1388.75451,1347.25459,102,220,NaN,NaN,NaN,NaN,289
245,DUSP1_timesweep,I,10000,75,NaN,8519,11194,NaN,NaN,1253.02383,1200.62989,56,75,NaN,NaN,NaN,NaN,261
246,DUSP1_timesweep,I,10000,75,NaN,7354,13934,NaN,NaN,1209.63856,1188.78621,54,114,NaN,NaN,NaN,NaN,251
247,DUSP1_timesweep,I,10000,75,NaN,8006,7603,NaN,NaN,1371.22308,1374.43457,81,80,NaN,NaN,NaN,NaN,285
248,DUSP1_timesweep,I,10000,75,NaN,8213,15406,NaN,NaN,1402.90795,1385.77405,71,153,NaN,NaN,NaN,NaN,292
249,DUSP1_timesweep,I,10000,75,NaN,8820,14892,NaN,NaN,1269.3449,1233.34985,57,88,NaN,NaN,NaN,NaN,264
251,DUSP1_timesweep,I,10000,75,NaN,8593,18604,NaN,NaN,1457.10625,1365.96555,108,127,4,4,NaN,NaN,303
253,DUSP1_timesweep,I,10000,75,NaN,8617,16378,NaN,NaN,1416.94673,1403.6361,112,211,5,NaN,NaN,NaN,295
255,DUSP1_timesweep,I,10000,75,NaN,9012,19960,NaN,NaN,1386.60686,1338.51398,82,139,NaN,NaN,NaN,NaN,288
257,DUSP1_timesweep,I,10000,75,NaN,7323,16627,NaN,NaN,1283.4038,1232.30643,84,118,NaN,NaN,NaN,NaN,267
258,DUSP1_timesweep,I,10000,75,NaN,7638,17812,NaN,NaN,1206.55027,1252.79783,52,184,NaN,NaN,NaN,NaN,251
259,DUSP1_timesweep,I,10000,75,NaN,7637,13457,NaN,NaN,1136.20623,1123.617,71,132,NaN,NaN,NaN,NaN,236
261,DUSP1_timesweep,I,10000,75,NaN,8092,8432,NaN,NaN,1086.91003,1068.07389,62,59,NaN,NaN,NaN,NaN,226
263,DUSP1_timesweep,I,10000,75,NaN,7684,13906,NaN,NaN,1503.32782,1503.53272,149,274,5,NaN,NaN,NaN,313
264,DUSP1_timesweep,I,10000,75,NaN,7281,13132,NaN,NaN,1446.38456,1421.01196,129,220,5,NaN,NaN,NaN,301
266,DUSP1_timesweep,I,10000,75,NaN,7689,14574,NaN,NaN,1416.99558,1446.71326,67,162,NaN,NaN,NaN,NaN,295
272,DUSP1_timesweep,I,10000,75,NaN,8636,16289,NaN,NaN,1396.5132,1415.72583,83,190,4,NaN,NaN,NaN,290
276,DUSP1_timesweep,I,10000,75,NaN,7391,16549,NaN,NaN,1365.91178,1338.58735,114,232,5,NaN,NaN,NaN,284
277,DUSP1_timesweep,I,10000,75,NaN,9258,9007,NaN,NaN,1393.85202,1393.00078,117,95,NaN,NaN,NaN,NaN,290
278,DUSP1_timesweep,I,10000,75,NaN,8164,18116,NaN,NaN,1400.03858,1298.65059,99,134,5,5,4,NaN,291
279,DUSP1_timesweep,I,10000,75,NaN,7940,29178,NaN,NaN,1431.61121,1371.39153,81,258,NaN,NaN,NaN,NaN,298
280,DUSP1_timesweep,I,10000,75,NaN,9453,32475,NaN,NaN,1350.31101,1320.75941,53,143,NaN,NaN,NaN,NaN,281
283,DUSP1_timesweep,I,10000,75,NaN,7319,26215,NaN,NaN,1264.17434,1244.6877,32,110,NaN,NaN,NaN,NaN,263
286,DUSP1_timesweep,I,10000,75,NaN,7255,10722,NaN,NaN,1359.64659,1308.28138,99,115,8,5,NaN,NaN,283
287,DUSP1_timesweep,I,10000,75,NaN,6986,15764,NaN,NaN,1412.89722,1369.70927,70,144,8,5,NaN,NaN,294
289,DUSP1_timesweep,I,10000,75,NaN,7619,18930,NaN,NaN,1383.63735,1393.4337,75,179,NaN,NaN,NaN,NaN,288
291,DUSP1_timesweep,I,10000,75,NaN,7555,24526,NaN,NaN,1333.64831,1309.78651,38,104,4,NaN,NaN,NaN,277
293,DUSP1_timesweep,I,10000,75,NaN,8560,13094,NaN,NaN,1194.54311,1206.06942,35,52,NaN,NaN,NaN,NaN,248
297,DUSP1_timesweep,I,10000,75,NaN,7107,14691,NaN,NaN,1375.24173,1334.07324,91,165,NaN,NaN,NaN,NaN,286
299,DUSP1_timesweep,I,10000,75,NaN,7280,9241,NaN,NaN,1516.28613,1526.19619,165,188,NaN,NaN,NaN,NaN,315
300,DUSP1_timesweep,I,10000,75,NaN,8578,19869,NaN,NaN,1345.73817,1319.27259,45,85,NaN,NaN,NaN,NaN,280
302,DUSP1_timesweep,I,10000,75,NaN,7203,12317,NaN,NaN,1454.52797,1456.66136,112,189,4,NaN,NaN,NaN,302
303,DUSP1_timesweep,I,10000,75,NaN,8244,19855,NaN,NaN,1228.31344,1150.703,86,132,5,NaN,NaN,NaN,255
304,DUSP1_timesweep,I,10000,75,NaN,7081,14937,NaN,NaN,1453.75074,1510.04519,126,292,NaN,NaN,NaN,NaN,302
305,DUSP1_timesweep,I,10000,75,NaN,7134,14084,NaN,NaN,1228.19624,1245.48736,47,126,NaN,NaN,NaN,NaN,255
307,DUSP1_timesweep,I,10000,75,NaN,8798,29492,NaN,NaN,1261.64208,1235.31042,88,320,NaN,NaN,NaN,NaN,262
313,DUSP1_timesweep,I,10000,75,NaN,7081,31149,NaN,NaN,1435.81118,1331.05714,105,271,7,NaN,NaN,NaN,299
316,DUSP1_timesweep,I,10000,75,NaN,7284,22665,NaN,NaN,1393.49204,1401.93382,89,315,NaN,NaN,NaN,NaN,290
318,DUSP1_timesweep,I,10000,75,NaN,7398,21576,NaN,NaN,1299.55042,1282.30219,79,197,4,NaN,NaN,NaN,270
323,DUSP1_timesweep,I,10000,75,NaN,8052,15451,NaN,NaN,1386.62717,1301.18996,143,155,5,NaN,NaN,NaN,288
324,DUSP1_timesweep,I,10000,75,NaN,8393,19699,NaN,NaN,1362.99857,1316.25489,105,192,NaN,NaN,NaN,NaN,283
325,DUSP1_timesweep,I,10000,75,NaN,8709,21056,NaN,NaN,1361.40039,1349.16238,68,161,NaN,NaN,NaN,NaN,283
326,DUSP1_timesweep,I,10000,75,NaN,9305,22882,NaN,NaN,1346.33573,1347.83384,83,251,4,NaN,NaN,NaN,280
328,DUSP1_timesweep,I,10000,75,NaN,9199,19817,NaN,NaN,1375.65409,1395.0653,74,190,NaN,NaN,NaN,NaN,286
329,DUSP1_timesweep,I,10000,75,NaN,7824,17613,NaN,NaN,1380.7036,1417.66383,87,211,NaN,NaN,NaN,NaN,287
330,DUSP1_timesweep,I,10000,75,NaN,8883,22918,NaN,NaN,1216.39694,1183.02662,48,93,NaN,NaN,NaN,NaN,253
331,DUSP1_timesweep,I,10000,75,NaN,8195,16068,NaN,NaN,1420.55131,1437.3525,155,313,NaN,NaN,NaN,NaN,295
333,DUSP1_timesweep,I,10000,75,NaN,9441,21716,NaN,NaN,1206.23546,1188.08588,79,165,NaN,NaN,NaN,NaN,251
334,DUSP1_timesweep,I,10000,75,NaN,7926,20933,NaN,NaN,1059.23063,1030.35523,17,85,NaN,NaN,NaN,NaN,220
335,DUSP1_timesweep,I,10000,75,NaN,7393,25399,NaN,NaN,1067.95212,1047.85212,37,152,NaN,NaN,NaN,NaN,222
336,DUSP1_timesweep,I,10000,75,NaN,9061,40162,NaN,NaN,1395.00563,1343.50543,132,450,5,5,NaN,NaN,290
347,DUSP1_timesweep,I,10000,75,NaN,8601,24170,NaN,NaN,1351.57714,1323.91787,58,136,6,NaN,NaN,NaN,281
349,DUSP1_timesweep,I,10000,75,NaN,8366,27727,NaN,NaN,1242.4994,1236.77001,28,181,NaN,NaN,NaN,NaN,258
350,DUSP1_timesweep,I,10000,75,NaN,8173,26066,NaN,NaN,1254.6973,1155.18871,61,119,4,NaN,NaN,NaN,261
356,DUSP1_timesweep,I,10000,75,NaN,8575,16444,NaN,NaN,1229.51114,1259.70536,126,274,5,NaN,NaN,NaN,256
360,DUSP1_timesweep,I,10000,75,NaN,7017,16082,NaN,NaN,1444.72111,1417.11373,97,174,NaN,NaN,NaN,NaN,300
361,DUSP1_timesweep,I,10000,75,NaN,9341,19693,NaN,NaN,1329.97463,1310.1887,46,102,9,NaN,NaN,NaN,277
362,DUSP1_timesweep,I,10000,75,NaN,9379,15065,NaN,NaN,1266.35164,1279.04447,81,105,NaN,NaN,NaN,NaN,263
363,DUSP1_timesweep,I,10000,75,NaN,7378,14954,NaN,NaN,1276.96883,1208.02294,99,152,NaN,NaN,NaN,NaN,265
366,DUSP1_timesweep,I,10000,75,NaN,8032,17167,NaN,NaN,1008.33603,990.54552,15,47,NaN,NaN,NaN,NaN,210
367,DUSP1_timesweep,I,10000,75,NaN,9492,19324,NaN,NaN,1140.23188,1198.0148,166,307,NaN,NaN,NaN,NaN,237
